Date,precipitation
2014-01-01,0.0
2014-01-02,0.0
2014-01-03,0.0
2014-01-04,0.0
2014-01-05,0.0
2014-01-06,0.0
2014-01-07,0.0
2014-01-08,0.0
2014-01-09,0.0
2014-01-10,0.0
2014-01-11,0.0
2014-01-12,0.0
2014-01-13,0.0
2014-01-14,0.0
2014-01-15,0.0
2014-01-16,0.0
2014-01-17,0.0
2014-01-18,0.0
2014-01-19,0.0
2014-01-20,0.0
2014-01-21,0.0
2014-01-22,0.0
2014-01-23,0.0
2014-01-24,0.0
2014-01-25,0.0
2014-01-26,0.0
2014-01-27,0.0
2014-01-28,0.0
2014-01-29,0.0
2014-01-30,0.0
2014-01-31,0.0
2014-02-01,0.0
2014-02-02,0.0
2014-02-03,0.0
2014-02-04,0.0
2014-02-05,0.0
2014-02-06,0.0
2014-02-07,0.0
2014-02-08,0.0
2014-02-09,0.0
2014-02-10,0.0
2014-02-11,0.0
2014-02-12,0.0
2014-02-13,0.0
2014-02-14,0.0
2014-02-15,2.422913074493408
2014-02-16,2.720649242401123
2014-02-17,0.0
2014-02-18,0.0
2014-02-19,0.0
2014-02-20,0.0
2014-02-21,0.0
2014-02-22,0.0
2014-02-23,0.0
2014-02-24,0.0
2014-02-25,0.0
2014-02-26,0.0
2014-02-27,0.0
2014-02-28,0.0
2014-03-01,0.0
2014-03-02,0.0
2014-03-03,0.0
2014-03-04,0.0
2014-03-05,0.0
2014-03-06,2.9691267013549805
2014-03-07,0.0
2014-03-08,0.0
2014-03-09,0.0
2014-03-10,0.0
2014-03-11,0.0
2014-03-12,0.0
2014-03-13,0.0
2014-03-14,0.0
2014-03-15,2.603633403778076
2014-03-16,0.0
2014-03-17,0.0
2014-03-18,0.0
2014-03-19,0.0
2014-03-20,0.0
2014-03-21,0.0
2014-03-22,0.0
2014-03-23,0.0
2014-03-24,0.0
2014-03-25,0.0
2014-03-26,0.0
2014-03-27,0.0
2014-03-28,0.0
2014-03-29,0.0
2014-03-30,0.0
2014-03-31,0.0
2014-04-01,0.0
2014-04-02,0.0
2014-04-03,0.0
2014-04-04,0.0
2014-04-05,0.0
2014-04-06,0.0
2014-04-07,0.0
2014-04-08,0.0
2014-04-09,0.0
2014-04-10,0.0
2014-04-11,0.0
2014-04-12,0.0
2014-04-13,0.0
2014-04-14,0.0
2014-04-15,0.0
2014-04-16,0.0
2014-04-17,0.0
2014-04-18,0.0
2014-04-19,0.0
2014-04-20,0.0
2014-04-21,0.0
2014-04-22,0.0
2014-04-23,0.0
2014-04-24,0.0
2014-04-25,0.0
2014-04-26,0.0
2014-04-27,0.0
2014-04-28,0.0
2014-04-29,0.0
2014-04-30,0.0
2014-05-01,0.0
2014-05-02,0.0
2014-05-03,0.0
2014-05-04,0.0
2014-05-05,0.0
2014-05-06,8.051689147949219
2014-05-07,0.0
2014-05-08,0.0
2014-05-09,40.25844192504883
2014-05-10,8.051689147949219
2014-05-11,0.0
2014-05-12,0.0
2014-05-13,0.0
2014-05-14,0.0
2014-05-15,0.0
2014-05-16,0.0
2014-05-17,0.0
2014-05-18,0.0
2014-05-19,6.656092166900635
2014-05-20,0.0
2014-05-21,0.0
2014-05-22,0.0
2014-05-23,0.0
2014-05-24,7.450295925140381
2014-05-25,0.0
2014-05-26,10.366914749145508
2014-05-27,0.0
2014-05-28,0.0
2014-05-29,0.0
2014-05-30,0.0
2014-05-31,0.0
2014-06-01,0.0
2014-06-02,0.0
2014-06-03,9.83480453491211
2014-06-04,0.0
2014-06-05,0.0
2014-06-06,0.0
2014-06-07,0.0
2014-06-08,0.0
2014-06-09,11.299622535705566
2014-06-10,0.0
2014-06-11,0.0
2014-06-12,0.0
2014-06-13,0.0
2014-06-14,0.0
2014-06-15,0.0
2014-06-16,0.0
2014-06-17,10.966184616088867
2014-06-18,0.0
2014-06-19,5.483092308044434
2014-06-20,0.0
2014-06-21,0.0
2014-06-22,0.0
2014-06-23,0.0
2014-06-24,0.0
2014-06-25,0.0
2014-06-26,6.518341541290283
2014-06-27,13.036683082580566
2014-06-28,0.0
2014-06-29,0.0
2014-06-30,6.518341541290283
2014-07-01,0.0
2014-07-02,0.0
2014-07-03,5.158646583557129
2014-07-04,5.158646583557129
2014-07-05,10.317293167114258
2014-07-06,9.623933792114258
2014-07-07,19.247867584228516
2014-07-08,9.623933792114258
2014-07-09,0.0
2014-07-10,9.623933792114258
2014-07-11,7.478494167327881
2014-07-12,7.478494167327881
2014-07-13,3.7392470836639404
2014-07-14,14.956988334655762
2014-07-15,3.7392470836639404
2014-07-16,3.14202618598938
2014-07-17,3.14202618598938
2014-07-18,12.56810474395752
2014-07-19,12.56810474395752
2014-07-20,12.56810474395752
2014-07-21,31.940593719482422
2014-07-22,0.0
2014-07-23,10.646864891052246
2014-07-24,0.0
2014-07-25,0.0
2014-07-26,5.744121074676514
2014-07-27,22.976484298706055
2014-07-28,22.976484298706055
2014-07-29,11.488242149353027
2014-07-30,0.0
2014-07-31,0.0
2014-08-01,0.0
2014-08-02,0.0
2014-08-03,0.0
2014-08-04,12.345048904418945
2014-08-05,6.172524452209473
2014-08-06,0.0
2014-08-07,1.1089578866958618
2014-08-08,0.0
2014-08-09,3.326873779296875
2014-08-10,0.0
2014-08-11,0.0
2014-08-12,27.40377426147461
2014-08-13,0.0
2014-08-14,0.0
2014-08-15,0.0
2014-08-16,11.484443664550781
2014-08-17,0.0
2014-08-18,0.0
2014-08-19,11.484443664550781
2014-08-20,0.0
2014-08-21,10.695191383361816
2014-08-22,0.0
2014-08-23,0.0
2014-08-24,0.0
2014-08-25,21.390382766723633
2014-08-26,21.89463233947754
2014-08-27,21.89463233947754
2014-08-28,21.89463233947754
2014-08-29,14.59642219543457
2014-08-30,7.298211097717285
2014-08-31,21.89463233947754
2014-09-01,5.490337371826172
2014-09-02,0.0
2014-09-03,2.745168685913086
2014-09-04,2.745168685913086
2014-09-05,5.490337371826172
2014-09-06,15.450108528137207
2014-09-07,0.0
2014-09-08,0.0
2014-09-09,0.0
2014-09-10,0.0
2014-09-11,0.0
2014-09-12,20.774503707885742
2014-09-13,0.0
2014-09-14,13.849669456481934
2014-09-15,13.849669456481934
2014-09-16,0.0
2014-09-17,5.091336727142334
2014-09-18,15.27401065826416
2014-09-19,40.73069381713867
2014-09-20,30.54802131652832
2014-09-21,0.0
2014-09-22,0.0
2014-09-23,11.946744918823242
2014-09-24,5.973372459411621
2014-09-25,5.973372459411621
2014-09-26,0.0
2014-09-27,0.9979565143585205
2014-09-28,0.0
2014-09-29,0.0
2014-09-30,0.0
2014-10-01,0.0
2014-10-02,0.0
2014-10-03,0.0
2014-10-04,0.0
2014-10-05,16.44744110107422
2014-10-06,6.711828231811523
2014-10-07,0.0
2014-10-08,0.0
2014-10-09,0.0
2014-10-10,13.423656463623047
2014-10-11,8.246146202087402
2014-10-12,24.738439559936523
2014-10-13,0.0
2014-10-14,0.0
2014-10-15,0.0
2014-10-16,0.0
2014-10-17,0.0
2014-10-18,0.0
2014-10-19,0.0
2014-10-20,0.0
2014-10-21,0.0
2014-10-22,0.0
2014-10-23,0.0
2014-10-24,0.0
2014-10-25,24.019428253173828
2014-10-26,8.645160675048828
2014-10-27,0.0
2014-10-28,0.0
2014-10-29,0.0
2014-10-30,0.0
2014-10-31,0.0
2014-11-01,5.70841646194458
2014-11-02,0.0
2014-11-03,0.0
2014-11-04,0.0
2014-11-05,0.0
2014-11-06,2.988896131515503
2014-11-07,0.0
2014-11-08,2.988896131515503
2014-11-09,11.955584526062012
2014-11-10,0.0
2014-11-11,0.0
2014-11-12,0.0
2014-11-13,13.447247505187988
2014-11-14,0.0
2014-11-15,0.0
2014-11-16,0.0
2014-11-17,0.0
2014-11-18,0.0
2014-11-19,0.0
2014-11-20,0.0
2014-11-21,0.0
2014-11-22,0.0
2014-11-23,0.0
2014-11-24,0.0
2014-11-25,0.0
2014-11-26,0.0
2014-11-27,0.0
2014-11-28,5.1548004150390625
2014-11-29,0.0
2014-11-30,0.0
2014-12-01,0.0
2014-12-02,0.0
2014-12-03,0.0
2014-12-04,0.0
2014-12-05,0.0
2014-12-06,0.0
2014-12-07,0.0
2014-12-08,0.0
2014-12-09,0.0
2014-12-10,0.0
2014-12-11,0.0
2014-12-12,0.0
2014-12-13,0.0
2014-12-14,0.0
2014-12-15,0.0
2014-12-16,0.0
2014-12-17,0.0
2014-12-18,0.0
2014-12-19,0.0
2014-12-20,0.0
2014-12-21,0.0
2014-12-22,0.0
2014-12-23,0.0
2014-12-24,0.0
2014-12-25,0.0
2014-12-26,0.0
2014-12-27,0.0
2014-12-28,0.0
2014-12-29,0.0
2014-12-30,0.0
2014-12-31,0.0
2015-01-01,0.0
2015-01-02,0.0
2015-01-03,0.0
2015-01-04,0.0
2015-01-05,0.0
2015-01-06,0.0
2015-01-07,0.0
2015-01-08,0.0
2015-01-09,0.0
2015-01-10,0.0
2015-01-11,0.0
2015-01-12,0.0
2015-01-13,0.0
2015-01-14,0.0
2015-01-15,0.0
2015-01-16,0.0
2015-01-17,0.0
2015-01-18,0.0
2015-01-19,0.0
2015-01-20,0.0
2015-01-21,0.0
2015-01-22,0.0
2015-01-23,0.0
2015-01-24,0.0
2015-01-25,0.0
2015-01-26,0.0
2015-01-27,0.0
2015-01-28,0.0
2015-01-29,0.0
2015-01-30,0.0
2015-01-31,0.0
2015-02-01,0.0
2015-02-02,2.2107973098754883
2015-02-03,0.0
2015-02-04,0.0
2015-02-05,0.0
2015-02-06,0.0
2015-02-07,0.0
2015-02-08,0.0
2015-02-09,0.0
2015-02-10,0.0
2015-02-11,0.0
2015-02-12,0.0
2015-02-13,0.0
2015-02-14,0.0
2015-02-15,0.0
2015-02-16,2.932764768600464
2015-02-17,0.0
2015-02-18,0.0
2015-02-19,0.0
2015-02-20,0.0
2015-02-21,0.0
2015-02-22,0.0
2015-02-23,0.0
2015-02-24,0.0
2015-02-25,0.0
2015-02-26,0.0
2015-02-27,0.0
2015-02-28,0.0
2015-03-01,0.0
2015-03-02,3.4073586463928223
2015-03-03,0.0
2015-03-04,0.0
2015-03-05,0.0
2015-03-06,0.0
2015-03-07,0.0
2015-03-08,0.0
2015-03-09,0.0
2015-03-10,0.0
2015-03-11,0.0
2015-03-12,0.0
2015-03-13,0.0
2015-03-14,0.0
2015-03-15,0.0
2015-03-16,0.0
2015-03-17,0.0
2015-03-18,0.0
2015-03-19,4.046858310699463
2015-03-20,0.0
2015-03-21,0.0
2015-03-22,0.0
2015-03-23,0.0
2015-03-24,0.0
2015-03-25,0.0
2015-03-26,0.0
2015-03-27,0.0
2015-03-28,0.0
2015-03-29,0.0
2015-03-30,0.0
2015-03-31,0.0
2015-04-01,0.0
2015-04-02,0.0
2015-04-03,0.0
2015-04-04,0.0
2015-04-05,0.8980183005332947
2015-04-06,0.0
2015-04-07,0.0
2015-04-08,0.0
2015-04-09,0.0
2015-04-10,0.0
2015-04-11,0.0
2015-04-12,0.0
2015-04-13,0.0
2015-04-14,0.0
2015-04-15,0.0
2015-04-16,0.0
2015-04-17,0.0
2015-04-18,0.0
2015-04-19,0.0
2015-04-20,0.0
2015-04-21,0.0
2015-04-22,0.0
2015-04-23,0.0
2015-04-24,13.430747985839844
2015-04-25,0.0
2015-04-26,0.0
2015-04-27,0.0
2015-04-28,0.0
2015-04-29,0.0
2015-04-30,0.0
2015-05-01,0.0
2015-05-02,7.721848487854004
2015-05-03,0.0
2015-05-04,0.0
2015-05-05,0.0
2015-05-06,0.0
2015-05-07,0.0
2015-05-08,0.0
2015-05-09,0.0
2015-05-10,0.0
2015-05-11,0.0
2015-05-12,0.0
2015-05-13,0.0
2015-05-14,0.0
2015-05-15,4.955286026000977
2015-05-16,11.850419998168945
2015-05-17,0.0
2015-05-18,0.0
2015-05-19,0.0
2015-05-20,0.0
2015-05-21,0.0
2015-05-22,0.0
2015-05-23,0.0
2015-05-24,0.0
2015-05-25,0.0
2015-05-26,0.0
2015-05-27,0.0
2015-05-28,3.066375255584717
2015-05-29,0.0
2015-05-30,0.0
2015-05-31,0.0
2015-06-01,11.313804626464844
2015-06-02,0.0
2015-06-03,0.0
2015-06-04,0.0
2015-06-05,15.085074424743652
2015-06-06,34.895076751708984
2015-06-07,0.0
2015-06-08,26.171308517456055
2015-06-09,0.0
2015-06-10,0.0
2015-06-11,0.0
2015-06-12,16.098838806152344
2015-06-13,3.2197678089141846
2015-06-14,19.318605422973633
2015-06-15,3.2197678089141846
2015-06-16,26.97933578491211
2015-06-17,20.234500885009766
2015-06-18,40.46900177001953
2015-06-19,33.72416687011719
2015-06-20,47.213829040527344
2015-06-21,18.732439041137695
2015-06-22,9.366219520568848
2015-06-23,0.0
2015-06-24,0.0
2015-06-25,0.0
2015-06-26,0.0
2015-06-27,0.0
2015-06-28,0.0
2015-06-29,4.702088832855225
2015-06-30,9.40417766571045
2015-07-01,4.914231300354004
2015-07-02,4.914231300354004
2015-07-03,0.0
2015-07-04,0.0
2015-07-05,0.0
2015-07-06,0.0
2015-07-07,4.443113327026367
2015-07-08,0.0
2015-07-09,0.0
2015-07-10,0.0
2015-07-11,0.0
2015-07-12,0.0
2015-07-13,0.0
2015-07-14,10.685929298400879
2015-07-15,16.028894424438477
2015-07-16,8.664502143859863
2015-07-17,0.0
2015-07-18,0.0
2015-07-19,12.99675464630127
2015-07-20,4.332251071929932
2015-07-21,6.783759593963623
2015-07-22,13.567519187927246
2015-07-23,6.783759593963623
2015-07-24,0.0
2015-07-25,20.351276397705078
2015-07-26,9.027024269104004
2015-07-27,0.0
2015-07-28,0.0
2015-07-29,0.0
2015-07-30,0.0
2015-07-31,0.0
2015-08-01,4.225931644439697
2015-08-02,4.225931644439697
2015-08-03,8.451863288879395
2015-08-04,0.0
2015-08-05,0.0
2015-08-06,0.0
2015-08-07,7.046420097351074
2015-08-08,0.0
2015-08-09,7.046420097351074
2015-08-10,0.0
2015-08-11,12.537968635559082
2015-08-12,20.89661407470703
2015-08-13,4.179322719573975
2015-08-14,0.0
2015-08-15,4.179322719573975
2015-08-16,18.091012954711914
2015-08-17,4.5227532386779785
2015-08-18,0.0
2015-08-19,4.5227532386779785
2015-08-20,0.0
2015-08-21,0.0
2015-08-22,19.931682586669922
2015-08-23,0.0
2015-08-24,0.0
2015-08-25,0.0
2015-08-26,5.185240745544434
2015-08-27,10.370481491088867
2015-08-28,10.370481491088867
2015-08-29,5.185240745544434
2015-08-30,10.370481491088867
2015-08-31,5.185240745544434
2015-09-01,24.388874053955078
2015-09-02,0.0
2015-09-03,0.0
2015-09-04,0.0
2015-09-05,0.0
2015-09-06,10.039606094360352
2015-09-07,0.0
2015-09-08,0.0
2015-09-09,5.019803047180176
2015-09-10,5.019803047180176
2015-09-11,5.146200656890869
2015-09-12,15.43860149383545
2015-09-13,5.146200656890869
2015-09-14,5.146200656890869
2015-09-15,10.292401313781738
2015-09-16,17.950319290161133
2015-09-17,17.950319290161133
2015-09-18,5.983440399169922
2015-09-19,5.983440399169922
2015-09-20,11.966880798339844
2015-09-21,0.0
2015-09-22,0.0
2015-09-23,0.0
2015-09-24,0.0
2015-09-25,6.761026382446289
2015-09-26,8.979860305786133
2015-09-27,0.0
2015-09-28,0.0
2015-09-29,4.489930152893066
2015-09-30,17.959720611572266
2015-10-01,19.6691837310791
2015-10-02,6.556394577026367
2015-10-03,6.556394577026367
2015-10-04,13.112789154052734
2015-10-05,0.0
2015-10-06,0.0
2015-10-07,0.0
2015-10-08,0.0
2015-10-09,0.0
2015-10-10,0.0
2015-10-11,0.0
2015-10-12,0.0
2015-10-13,0.0
2015-10-14,0.0
2015-10-15,0.0
2015-10-16,3.8118793964385986
2015-10-17,0.0
2015-10-18,3.8118793964385986
2015-10-19,0.0
2015-10-20,0.0
2015-10-21,0.0
2015-10-22,0.0
2015-10-23,0.0
2015-10-24,0.0
2015-10-25,0.0
2015-10-26,0.0
2015-10-27,0.0
2015-10-28,0.0
2015-10-29,0.0
2015-10-30,0.0
2015-10-31,37.13047409057617
2015-11-01,0.0
2015-11-02,0.0
2015-11-03,0.0
2015-11-04,0.0
2015-11-05,0.0
2015-11-06,0.0
2015-11-07,0.0
2015-11-08,0.0
2015-11-09,14.927008628845215
2015-11-10,4.9756693840026855
2015-11-11,0.0
2015-11-12,0.0
2015-11-13,0.0
2015-11-14,4.156116485595703
2015-11-15,4.156116485595703
2015-11-16,30.022485733032227
2015-11-17,7.505621433258057
2015-11-18,0.0
2015-11-19,0.0
2015-11-20,0.0
2015-11-21,0.0
2015-11-22,0.0
2015-11-23,0.0
2015-11-24,0.0
2015-11-25,0.0
2015-11-26,0.0
2015-11-27,0.0
2015-11-28,0.0
2015-11-29,0.0
2015-11-30,0.0
2015-12-01,0.0
2015-12-02,0.0
2015-12-03,0.0
2015-12-04,0.0
2015-12-05,0.0
2015-12-06,0.0
2015-12-07,0.0
2015-12-08,0.0
2015-12-09,0.0
2015-12-10,0.0
2015-12-11,0.0
2015-12-12,0.0
2015-12-13,0.0
2015-12-14,0.0
2015-12-15,0.0
2015-12-16,0.0
2015-12-17,0.0
2015-12-18,0.0
2015-12-19,0.0
2015-12-20,0.0
2015-12-21,0.0
2015-12-22,0.0
2015-12-23,0.0
2015-12-24,0.0
2015-12-25,0.0
2015-12-26,0.0
2015-12-27,0.0
2015-12-28,0.0
2015-12-29,0.0
2015-12-30,0.0
2015-12-31,0.0
2016-01-01,0.0
2016-01-02,0.0
2016-01-03,0.0
2016-01-04,0.0
2016-01-05,0.0
2016-01-06,0.0
2016-01-07,0.0
2016-01-08,0.0
2016-01-09,0.0
2016-01-10,0.0
2016-01-11,0.0
2016-01-12,0.0
2016-01-13,0.0
2016-01-14,0.0
2016-01-15,0.0
2016-01-16,0.0
2016-01-17,0.0
2016-01-18,0.0
2016-01-19,0.0
2016-01-20,0.0
2016-01-21,0.0
2016-01-22,0.0
2016-01-23,0.0
2016-01-24,0.0
2016-01-25,0.0
2016-01-26,0.0
2016-01-27,0.0
2016-01-28,0.0
2016-01-29,0.0
2016-01-30,0.0
2016-01-31,0.0
2016-02-01,0.0
2016-02-02,0.0
2016-02-03,0.0
2016-02-04,0.0
2016-02-05,0.0
2016-02-06,0.0
2016-02-07,0.0
2016-02-08,0.0
2016-02-09,0.0
2016-02-10,0.0
2016-02-11,2.599236488342285
2016-02-12,0.0
2016-02-13,0.0
2016-02-14,0.0
2016-02-15,0.0
2016-02-16,0.0
2016-02-17,4.781161785125732
2016-02-18,0.0
2016-02-19,0.0
2016-02-20,0.0
2016-02-21,0.0
2016-02-22,0.0
2016-02-23,0.0
2016-02-24,0.0
2016-02-25,0.0
2016-02-26,0.0
2016-02-27,0.0
2016-02-28,0.0
2016-02-29,0.0
2016-03-01,0.0
2016-03-02,6.088591575622559
2016-03-03,0.0
2016-03-04,0.0
2016-03-05,0.0
2016-03-06,0.0
2016-03-07,0.0
2016-03-08,0.0
2016-03-09,0.0
2016-03-10,0.0
2016-03-11,0.0
2016-03-12,0.0
2016-03-13,0.0
2016-03-14,5.542375087738037
2016-03-15,0.0
2016-03-16,0.0
2016-03-17,0.0
2016-03-18,0.0
2016-03-19,0.0
2016-03-20,0.0
2016-03-21,0.0
2016-03-22,0.0
2016-03-23,0.0
2016-03-24,0.0
2016-03-25,0.0
2016-03-26,0.0
2016-03-27,0.0
2016-03-28,0.0
2016-03-29,0.0
2016-03-30,0.0
2016-03-31,0.0
2016-04-01,0.0
2016-04-02,0.0
2016-04-03,0.0
2016-04-04,0.0
2016-04-05,0.0
2016-04-06,0.0
2016-04-07,0.0
2016-04-08,0.0
2016-04-09,0.0
2016-04-10,0.0
2016-04-11,0.0
2016-04-12,0.0
2016-04-13,0.0
2016-04-14,0.0
2016-04-15,0.0
2016-04-16,0.0
2016-04-17,0.0
2016-04-18,0.0
2016-04-19,0.0
2016-04-20,0.0
2016-04-21,0.0
2016-04-22,0.0
2016-04-23,0.0
2016-04-24,0.0
2016-04-25,0.0
2016-04-26,0.0
2016-04-27,0.0
2016-04-28,0.0
2016-04-29,0.0
2016-04-30,0.0
2016-05-01,0.0
2016-05-02,0.0
2016-05-03,13.890673637390137
2016-05-04,6.945336818695068
2016-05-05,0.0
2016-05-06,0.0
2016-05-07,0.0
2016-05-08,0.0
2016-05-09,0.0
2016-05-10,0.0
2016-05-11,0.0
2016-05-12,8.56980037689209
2016-05-13,0.0
2016-05-14,0.0
2016-05-15,0.0
2016-05-16,0.0
2016-05-17,9.839609146118164
2016-05-18,29.518827438354492
2016-05-19,34.438636779785156
2016-05-20,9.839609146118164
2016-05-21,0.0
2016-05-22,0.0
2016-05-23,0.0
2016-05-24,0.0
2016-05-25,0.0
2016-05-26,0.0
2016-05-27,0.0
2016-05-28,16.507993698120117
2016-05-29,0.0
2016-05-30,16.507993698120117
2016-05-31,0.0
2016-06-01,11.013498306274414
2016-06-02,5.506749153137207
2016-06-03,0.0
2016-06-04,16.520248413085938
2016-06-05,11.013498306274414
2016-06-06,9.51184368133545
2016-06-07,14.267765998840332
2016-06-08,19.0236873626709
2016-06-09,0.0
2016-06-10,0.0
2016-06-11,17.451913833618164
2016-06-12,0.0
2016-06-13,8.725956916809082
2016-06-14,0.0
2016-06-15,0.0
2016-06-16,0.0
2016-06-17,15.442537307739258
2016-06-18,7.721268653869629
2016-06-19,11.581902503967285
2016-06-20,3.8606343269348145
2016-06-21,0.0
2016-06-22,0.0
2016-06-23,9.243555068969727
2016-06-24,0.0
2016-06-25,23.108888626098633
2016-06-26,15.397464752197266
2016-06-27,20.529951095581055
2016-06-28,0.0
2016-06-29,15.397464752197266
2016-06-30,10.264975547790527
2016-07-01,11.138890266418457
2016-07-02,5.5694451332092285
2016-07-03,11.138890266418457
2016-07-04,11.138890266418457
2016-07-05,11.138890266418457
2016-07-06,0.0
2016-07-07,0.0
2016-07-08,6.60290002822876
2016-07-09,0.0
2016-07-10,33.01449966430664
2016-07-11,0.0
2016-07-12,0.0
2016-07-13,0.0
2016-07-14,0.0
2016-07-15,0.0
2016-07-16,11.152255058288574
2016-07-17,3.7174181938171387
2016-07-18,14.869672775268555
2016-07-19,7.434836387634277
2016-07-20,0.0
2016-07-21,0.0
2016-07-22,6.6033406257629395
2016-07-23,13.206681251525879
2016-07-24,13.206681251525879
2016-07-25,6.6033406257629395
2016-07-26,10.338916778564453
2016-07-27,0.0
2016-07-28,0.0
2016-07-29,0.0
2016-07-30,15.508376121520996
2016-07-31,10.338916778564453
2016-08-01,3.947235107421875
2016-08-02,0.0
2016-08-03,7.89447021484375
2016-08-04,0.0
2016-08-05,3.947235107421875
2016-08-06,3.4951422214508057
2016-08-07,0.0
2016-08-08,0.0
2016-08-09,0.0
2016-08-10,3.4951422214508057
2016-08-11,0.0
2016-08-12,0.0
2016-08-13,0.0
2016-08-14,0.0
2016-08-15,0.0
2016-08-16,0.0
2016-08-17,0.0
2016-08-18,0.0
2016-08-19,0.0
2016-08-20,0.0
2016-08-21,0.0
2016-08-22,6.395730495452881
2016-08-23,0.0
2016-08-24,0.0
2016-08-25,12.791460990905762
2016-08-26,13.97437572479248
2016-08-27,13.97437572479248
2016-08-28,6.98718786239624
2016-08-29,13.97437572479248
2016-08-30,27.94875144958496
2016-08-31,27.94875144958496
2016-09-01,6.5684356689453125
2016-09-02,13.136871337890625
2016-09-03,3.2842178344726562
2016-09-04,9.852654457092285
2016-09-05,0.0
2016-09-06,0.0
2016-09-07,0.0
2016-09-08,0.0
2016-09-09,0.0
2016-09-10,15.648428916931152
2016-09-11,5.161745071411133
2016-09-12,15.485234260559082
2016-09-13,10.323490142822266
2016-09-14,15.485234260559082
2016-09-15,0.0
2016-09-16,0.0
2016-09-17,0.0
2016-09-18,0.0
2016-09-19,0.0
2016-09-20,19.9580078125
2016-09-21,18.097204208374023
2016-09-22,63.340213775634766
2016-09-23,18.097204208374023
2016-09-24,27.14580535888672
2016-09-25,18.097204208374023
2016-09-26,3.2694897651672363
2016-09-27,9.808469772338867
2016-09-28,3.2694897651672363
2016-09-29,3.2694897651672363
2016-09-30,6.538979530334473
2016-10-01,0.0
2016-10-02,0.0
2016-10-03,0.0
2016-10-04,0.0
2016-10-05,0.0
2016-10-06,18.62555694580078
2016-10-07,0.0
2016-10-08,0.0
2016-10-09,6.208518981933594
2016-10-10,0.0
2016-10-11,0.0
2016-10-12,0.0
2016-10-13,0.0
2016-10-14,0.0
2016-10-15,0.0
2016-10-16,0.0
2016-10-17,0.0
2016-10-18,0.0
2016-10-19,0.0
2016-10-20,0.0
2016-10-21,8.982234001159668
2016-10-22,0.0
2016-10-23,0.0
2016-10-24,0.0
2016-10-25,0.0
2016-10-26,0.0
2016-10-27,0.0
2016-10-28,0.0
2016-10-29,5.113356113433838
2016-10-30,5.113356113433838
2016-10-31,0.0
2016-11-01,0.0
2016-11-02,0.0
2016-11-03,0.0
2016-11-04,0.0
2016-11-05,0.0
2016-11-06,0.0
2016-11-07,0.0
2016-11-08,0.0
2016-11-09,0.0
2016-11-10,0.0
2016-11-11,0.0
2016-11-12,0.0
2016-11-13,0.0
2016-11-14,0.0
2016-11-15,0.0
2016-11-16,2.1336145401000977
2016-11-17,0.0
2016-11-18,0.0
2016-11-19,0.0
2016-11-20,0.0
2016-11-21,0.0
2016-11-22,0.0
2016-11-23,0.0
2016-11-24,0.0
2016-11-25,0.0
2016-11-26,0.0
2016-11-27,4.5584306716918945
2016-11-28,0.0
2016-11-29,0.0
2016-11-30,0.0
2016-12-01,0.0
2016-12-02,0.0
2016-12-03,0.0
2016-12-04,0.0
2016-12-05,0.0
2016-12-06,0.0
2016-12-07,0.0
2016-12-08,0.0
2016-12-09,0.0
2016-12-10,0.0
2016-12-11,3.8105716705322266
2016-12-12,0.0
2016-12-13,0.0
2016-12-14,0.0
2016-12-15,0.0
2016-12-16,0.0
2016-12-17,0.0
2016-12-18,0.0
2016-12-19,0.0
2016-12-20,0.0
2016-12-21,0.0
2016-12-22,0.0
2016-12-23,0.0
2016-12-24,0.0
2016-12-25,0.0
2016-12-26,0.0
2016-12-27,0.0
2016-12-28,0.0
2016-12-29,0.0
2016-12-30,0.0
2016-12-31,0.0
2017-01-01,0.0
2017-01-02,0.0
2017-01-03,0.0
2017-01-04,0.0
2017-01-05,0.0
2017-01-06,0.0
2017-01-07,0.0
2017-01-08,0.0
2017-01-09,0.0
2017-01-10,0.0
2017-01-11,0.0
2017-01-12,0.0
2017-01-13,0.0
2017-01-14,0.0
2017-01-15,0.0
2017-01-16,0.0
2017-01-17,0.0
2017-01-18,0.0
2017-01-19,0.0
2017-01-20,0.0
2017-01-21,0.0
2017-01-22,0.0
2017-01-23,0.0
2017-01-24,0.0
2017-01-25,0.0
2017-01-26,0.0
2017-01-27,0.0
2017-01-28,0.0
2017-01-29,0.0
2017-01-30,0.0
2017-01-31,0.0
2017-02-01,0.0
2017-02-02,0.0
2017-02-03,0.0
2017-02-04,0.0
2017-02-05,0.0
2017-02-06,0.0
2017-02-07,0.0
2017-02-08,0.0
2017-02-09,0.0
2017-02-10,2.0997719764709473
2017-02-11,0.0
2017-02-12,0.0
2017-02-13,0.0
2017-02-14,0.0
2017-02-15,0.0
2017-02-16,0.0
2017-02-17,0.0
2017-02-18,0.0
2017-02-19,0.0
2017-02-20,0.0
2017-02-21,0.0
2017-02-22,0.0
2017-02-23,0.0
2017-02-24,0.0
2017-02-25,3.043789863586426
2017-02-26,0.0
2017-02-27,0.0
2017-02-28,0.0
2017-03-01,0.0
2017-03-02,0.0
2017-03-03,0.0
2017-03-04,0.0
2017-03-05,0.0
2017-03-06,0.0
2017-03-07,0.0
2017-03-08,0.0
2017-03-09,0.0
2017-03-10,7.849916458129883
2017-03-11,0.0
2017-03-12,0.0
2017-03-13,0.0
2017-03-14,0.0
2017-03-15,0.0
2017-03-16,0.0
2017-03-17,0.0
2017-03-18,0.0
2017-03-19,0.0
2017-03-20,0.0
2017-03-21,0.0
2017-03-22,0.0
2017-03-23,0.0
2017-03-24,0.0
2017-03-25,0.0
2017-03-26,0.0
2017-03-27,0.0
2017-03-28,0.0
2017-03-29,0.0
2017-03-30,0.0
2017-03-31,0.0
2017-04-01,0.0
2017-04-02,0.0
2017-04-03,0.0
2017-04-04,0.0
2017-04-05,0.0
2017-04-06,0.0
2017-04-07,0.0
2017-04-08,0.0
2017-04-09,0.0
2017-04-10,0.0
2017-04-11,0.0
2017-04-12,0.0
2017-04-13,0.0
2017-04-14,0.0
2017-04-15,0.0
2017-04-16,0.0
2017-04-17,0.0
2017-04-18,0.0
2017-04-19,0.0
2017-04-20,0.0
2017-04-21,0.0
2017-04-22,0.0
2017-04-23,0.0
2017-04-24,0.0
2017-04-25,0.0
2017-04-26,3.846381425857544
2017-04-27,0.0
2017-04-28,0.0
2017-04-29,0.0
2017-04-30,0.0
2017-05-01,0.0
2017-05-02,0.0
2017-05-03,0.0
2017-05-04,0.0
2017-05-05,0.0
2017-05-06,0.0
2017-05-07,0.0
2017-05-08,0.0
2017-05-09,9.450736999511719
2017-05-10,0.0
2017-05-11,0.0
2017-05-12,0.0
2017-05-13,0.0
2017-05-14,0.0
2017-05-15,0.0
2017-05-16,0.0
2017-05-17,0.0
2017-05-18,0.0
2017-05-19,0.0
2017-05-20,0.0
2017-05-21,10.741947174072266
2017-05-22,0.0
2017-05-23,0.0
2017-05-24,0.0
2017-05-25,0.0
2017-05-26,21.50018310546875
2017-05-27,0.0
2017-05-28,12.541772842407227
2017-05-29,0.0
2017-05-30,0.0
2017-05-31,0.0
2017-06-01,0.0
2017-06-02,0.0
2017-06-03,0.0
2017-06-04,12.469012260437012
2017-06-05,4.156337261199951
2017-06-06,13.001590728759766
2017-06-07,6.500795364379883
2017-06-08,6.500795364379883
2017-06-09,6.500795364379883
2017-06-10,13.001590728759766
2017-06-11,18.72188949584961
2017-06-12,14.97751235961914
2017-06-13,11.233133316040039
2017-06-14,11.233133316040039
2017-06-15,14.97751235961914
2017-06-16,7.119823455810547
2017-06-17,0.0
2017-06-18,14.239646911621094
2017-06-19,3.5599117279052734
2017-06-20,3.5599117279052734
2017-06-21,4.542201519012451
2017-06-22,9.084403038024902
2017-06-23,0.0
2017-06-24,13.626605033874512
2017-06-25,9.084403038024902
2017-06-26,3.0596652030944824
2017-06-27,12.23866081237793
2017-06-28,0.0
2017-06-29,3.0596652030944824
2017-06-30,21.41765594482422
2017-07-01,16.04606056213379
2017-07-02,16.04606056213379
2017-07-03,4.011515140533447
2017-07-04,0.0
2017-07-05,4.011515140533447
2017-07-06,4.968988418579102
2017-07-07,4.968988418579102
2017-07-08,4.968988418579102
2017-07-09,9.937976837158203
2017-07-10,14.906965255737305
2017-07-11,19.16509437561035
2017-07-12,9.582547187805176
2017-07-13,9.582547187805176
2017-07-14,9.582547187805176
2017-07-15,9.582547187805176
2017-07-16,37.36684799194336
2017-07-17,18.68342399597168
2017-07-18,24.911230087280273
2017-07-19,6.227807521820068
2017-07-20,0.0
2017-07-21,0.0
2017-07-22,0.0
2017-07-23,3.5361135005950928
2017-07-24,3.5361135005950928
2017-07-25,3.5361135005950928
2017-07-26,8.464550971984863
2017-07-27,8.464550971984863
2017-07-28,8.464550971984863
2017-07-29,8.464550971984863
2017-07-30,8.464550971984863
2017-07-31,0.0
2017-08-01,3.7341113090515137
2017-08-02,7.468222618103027
2017-08-03,0.0
2017-08-04,0.0
2017-08-05,11.202333450317383
2017-08-06,0.0
2017-08-07,10.92800235748291
2017-08-08,10.92800235748291
2017-08-09,0.0
2017-08-10,0.0
2017-08-11,6.8590216636657715
2017-08-12,10.288531303405762
2017-08-13,13.718043327331543
2017-08-14,0.0
2017-08-15,0.0
2017-08-16,6.367147922515869
2017-08-17,12.734295845031738
2017-08-18,6.367147922515869
2017-08-19,7.276741027832031
2017-08-20,0.0
2017-08-21,0.0
2017-08-22,8.920660018920898
2017-08-23,8.920660018920898
2017-08-24,8.920660018920898
2017-08-25,4.460330009460449
2017-08-26,5.54250955581665
2017-08-27,27.712549209594727
2017-08-28,27.712549209594727
2017-08-29,16.627527236938477
2017-08-30,0.0
2017-08-31,0.0
2017-09-01,8.757189750671387
2017-09-02,2.919063091278076
2017-09-03,0.0
2017-09-04,0.0
2017-09-05,2.919063091278076
2017-09-06,13.068126678466797
2017-09-07,0.0
2017-09-08,4.35604190826416
2017-09-09,0.0
2017-09-10,0.0
2017-09-11,0.0
2017-09-12,4.155595779418945
2017-09-13,4.155595779418945
2017-09-14,8.31119155883789
2017-09-15,4.155595779418945
2017-09-16,0.0
2017-09-17,5.1462836265563965
2017-09-18,5.1462836265563965
2017-09-19,0.0
2017-09-20,3.4308559894561768
2017-09-21,0.0
2017-09-22,0.0
2017-09-23,4.42761754989624
2017-09-24,8.85523509979248
2017-09-25,4.42761754989624
2017-09-26,3.9797844886779785
2017-09-27,3.9797844886779785
2017-09-28,3.9797844886779785
2017-09-29,11.939352989196777
2017-09-30,15.919137954711914
2017-10-01,18.453393936157227
2017-10-02,4.613348484039307
2017-10-03,13.840045928955078
2017-10-04,4.613348484039307
2017-10-05,4.613348484039307
2017-10-06,15.795167922973633
2017-10-07,23.692750930786133
2017-10-08,0.0
2017-10-09,7.897583961486816
2017-10-10,0.0
2017-10-11,0.0
2017-10-12,0.0
2017-10-13,9.520514488220215
2017-10-14,19.04102897644043
2017-10-15,9.520514488220215
2017-10-16,7.810149192810059
2017-10-17,2.6033828258514404
2017-10-18,5.206765651702881
2017-10-19,5.206765651702881
2017-10-20,5.206765651702881
2017-10-21,0.0
2017-10-22,0.0
2017-10-23,0.0
2017-10-24,0.0
2017-10-25,0.0
2017-10-26,0.0
2017-10-27,0.0
2017-10-28,0.0
2017-10-29,0.0
2017-10-30,0.0
2017-10-31,0.0
2017-11-01,0.0
2017-11-02,0.0
2017-11-03,0.0
2017-11-04,0.0
2017-11-05,0.0
2017-11-06,0.0
2017-11-07,0.0
2017-11-08,0.0
2017-11-09,0.0
2017-11-10,0.0
2017-11-11,0.0
2017-11-12,3.192690372467041
2017-11-13,3.192690372467041
2017-11-14,6.385380744934082
2017-11-15,0.0
2017-11-16,0.0
2017-11-17,0.0
2017-11-18,0.0
2017-11-19,0.0
2017-11-20,0.0
2017-11-21,0.0
2017-11-22,0.0
2017-11-23,0.0
2017-11-24,0.0
2017-11-25,0.0
2017-11-26,0.0
2017-11-27,0.0
2017-11-28,0.0
2017-11-29,0.0
2017-11-30,0.0
2017-12-01,0.0
2017-12-02,0.0
2017-12-03,0.0
2017-12-04,0.0
2017-12-05,0.0
2017-12-06,0.0
2017-12-07,0.0
2017-12-08,0.0
2017-12-09,0.0
2017-12-10,0.0
2017-12-11,0.0
2017-12-12,0.0
2017-12-13,0.0
2017-12-14,0.0
2017-12-15,0.0
2017-12-16,0.0
2017-12-17,0.0
2017-12-18,0.0
2017-12-19,0.0
2017-12-20,0.0
2017-12-21,0.0
2017-12-22,0.0
2017-12-23,0.0
2017-12-24,0.0
2017-12-25,0.0
2017-12-26,0.0
2017-12-27,0.0
2017-12-28,0.0
2017-12-29,0.0
2017-12-30,0.0
2017-12-31,0.0
2018-01-01,0.0
2018-01-02,0.0
2018-01-03,0.0
2018-01-04,0.0
2018-01-05,0.0
2018-01-06,0.0
2018-01-07,0.0
2018-01-08,0.0
2018-01-09,0.0
2018-01-10,0.0
2018-01-11,0.0
2018-01-12,0.0
2018-01-13,0.0
2018-01-14,0.0
2018-01-15,0.0
2018-01-16,0.0
2018-01-17,0.0
2018-01-18,0.0
2018-01-19,0.0
2018-01-20,0.0
2018-01-21,0.0
2018-01-22,0.0
2018-01-23,0.0
2018-01-24,0.0
2018-01-25,0.0
2018-01-26,0.0
2018-01-27,0.0
2018-01-28,0.0
2018-01-29,0.0
2018-01-30,0.0
2018-01-31,0.0
2018-02-01,0.0
2018-02-02,0.0
2018-02-03,0.0
2018-02-04,0.0
2018-02-05,0.0
2018-02-06,0.0
2018-02-07,5.890979290008545
2018-02-08,0.0
2018-02-09,0.0
2018-02-10,0.0
2018-02-11,0.0
2018-02-12,0.0
2018-02-13,2.8779449462890625
2018-02-14,0.0
2018-02-15,0.0
2018-02-16,0.0
2018-02-17,0.0
2018-02-18,0.0
2018-02-19,0.0
2018-02-20,0.0
2018-02-21,0.0
2018-02-22,0.0
2018-02-23,0.0
2018-02-24,0.0
2018-02-25,0.0
2018-02-26,0.0
2018-02-27,0.0
2018-02-28,0.0
2018-03-01,0.0
2018-03-02,0.0
2018-03-03,0.0
2018-03-04,0.0
2018-03-05,0.0
2018-03-06,0.0
2018-03-07,0.0
2018-03-08,0.0
2018-03-09,0.0
2018-03-10,0.0
2018-03-11,0.0
2018-03-12,0.0
2018-03-13,0.0
2018-03-14,0.0
2018-03-15,0.0
2018-03-16,0.0
2018-03-17,0.0
2018-03-18,0.0
2018-03-19,0.0
2018-03-20,0.0
2018-03-21,0.0
2018-03-22,0.0
2018-03-23,0.0
2018-03-24,0.0
2018-03-25,0.0
2018-03-26,0.0
2018-03-27,0.0
2018-03-28,0.0
2018-03-29,0.0
2018-03-30,0.0
2018-03-31,5.303941249847412
2018-04-01,5.653053283691406
2018-04-02,0.0
2018-04-03,0.0
2018-04-04,0.0
2018-04-05,0.0
2018-04-06,0.0
2018-04-07,0.0
2018-04-08,0.0
2018-04-09,0.0
2018-04-10,0.0
2018-04-11,0.0
2018-04-12,0.0
2018-04-13,0.0
2018-04-14,0.0
2018-04-15,0.0
2018-04-16,0.0
2018-04-17,0.0
2018-04-18,0.0
2018-04-19,0.0
2018-04-20,1.7229008674621582
2018-04-21,0.0
2018-04-22,0.0
2018-04-23,0.0
2018-04-24,0.0
2018-04-25,0.0
2018-04-26,0.0
2018-04-27,0.0
2018-04-28,0.0
2018-04-29,0.0
2018-04-30,0.0
2018-05-01,11.581316947937012
2018-05-02,0.0
2018-05-03,17.37197494506836
2018-05-04,0.0
2018-05-05,0.0
2018-05-06,0.0
2018-05-07,0.0
2018-05-08,0.0
2018-05-09,0.0
2018-05-10,0.0
2018-05-11,0.0
2018-05-12,0.0
2018-05-13,0.0
2018-05-14,12.443824768066406
2018-05-15,0.0
2018-05-16,0.0
2018-05-17,0.0
2018-05-18,0.0
2018-05-19,0.0
2018-05-20,0.0
2018-05-21,0.0
2018-05-22,2.0307955741882324
2018-05-23,4.061591148376465
2018-05-24,0.0
2018-05-25,0.0
2018-05-26,4.562302112579346
2018-05-27,0.0
2018-05-28,0.0
2018-05-29,0.0
2018-05-30,0.0
2018-05-31,9.124604225158691
2018-06-01,1.8881187438964844
2018-06-02,5.664356231689453
2018-06-03,0.0
2018-06-04,0.0
2018-06-05,7.5524749755859375
2018-06-06,19.34322738647461
2018-06-07,4.835806846618652
2018-06-08,4.835806846618652
2018-06-09,19.34322738647461
2018-06-10,4.835806846618652
2018-06-11,14.138708114624023
2018-06-12,21.20806121826172
2018-06-13,0.0
2018-06-14,0.0
2018-06-15,0.0
2018-06-16,0.0
2018-06-17,0.0
2018-06-18,0.0
2018-06-19,0.0
2018-06-20,0.0
2018-06-21,5.388702869415283
2018-06-22,16.166109085083008
2018-06-23,10.777405738830566
2018-06-24,5.388702869415283
2018-06-25,0.0
2018-06-26,3.345897674560547
2018-06-27,20.07538604736328
2018-06-28,16.729488372802734
2018-06-29,10.03769302368164
2018-06-30,10.03769302368164
2018-07-01,0.0
2018-07-02,18.0313720703125
2018-07-03,18.0313720703125
2018-07-04,13.523529052734375
2018-07-05,18.0313720703125
2018-07-06,0.0
2018-07-07,15.952398300170898
2018-07-08,15.952398300170898
2018-07-09,31.904796600341797
2018-07-10,31.904796600341797
2018-07-11,11.561217308044434
2018-07-12,0.0
2018-07-13,11.561217308044434
2018-07-14,5.780608654022217
2018-07-15,40.46426010131836
2018-07-16,4.542276859283447
2018-07-17,4.542276859283447
2018-07-18,0.0
2018-07-19,0.0
2018-07-20,31.795940399169922
2018-07-21,16.12615394592285
2018-07-22,13.438461303710938
2018-07-23,0.0
2018-07-24,0.0
2018-07-25,0.0
2018-07-26,6.974233150482178
2018-07-27,6.974233150482178
2018-07-28,3.487116575241089
2018-07-29,3.487116575241089
2018-07-30,0.0
2018-07-31,6.974233150482178
2018-08-01,4.52284049987793
2018-08-02,4.52284049987793
2018-08-03,0.0
2018-08-04,0.0
2018-08-05,0.0
2018-08-06,3.9361016750335693
2018-08-07,23.61661148071289
2018-08-08,0.0
2018-08-09,7.872203350067139
2018-08-10,7.872203350067139
2018-08-11,12.90479564666748
2018-08-12,19.357192993164062
2018-08-13,6.45239782333374
2018-08-14,19.357192993164062
2018-08-15,32.26198959350586
2018-08-16,1.830429196357727
2018-08-17,4.997166633605957
2018-08-18,19.281227111816406
2018-08-19,43.82828140258789
2018-08-20,21.773757934570312
2018-08-21,0.0
2018-08-22,0.0
2018-08-23,0.0
2018-08-24,16.908166885375977
2018-08-25,5.636055946350098
2018-08-26,16.90275764465332
2018-08-27,0.0
2018-08-28,8.45137882232666
2018-08-29,4.22568941116333
2018-08-30,0.0
2018-08-31,0.0
2018-09-01,0.0
2018-09-02,9.616592407226562
2018-09-03,0.0
2018-09-04,9.616592407226562
2018-09-05,0.0
2018-09-06,7.740045070648193
2018-09-07,3.8700225353240967
2018-09-08,0.0
2018-09-09,0.0
2018-09-10,0.0
2018-09-11,9.281494140625
2018-09-12,4.6407470703125
2018-09-13,4.6407470703125
2018-09-14,9.281494140625
2018-09-15,0.0
2018-09-16,7.090088367462158
2018-09-17,10.6351318359375
2018-09-18,7.090088367462158
2018-09-19,7.090088367462158
2018-09-20,28.360353469848633
2018-09-21,28.81075096130371
2018-09-22,7.202687740325928
2018-09-23,0.0
2018-09-24,0.0
2018-09-25,14.405375480651855
2018-09-26,14.872213363647461
2018-09-27,0.0
2018-09-28,0.0
2018-09-29,0.0
2018-09-30,0.0
2018-10-01,0.0
2018-10-02,0.0
2018-10-03,0.0
2018-10-04,0.0
2018-10-05,0.0
2018-10-06,0.0
2018-10-07,0.0
2018-10-08,0.0
2018-10-09,13.96182632446289
2018-10-10,3.4904565811157227
2018-10-11,4.022849082946777
2018-10-12,0.0
2018-10-13,4.022849082946777
2018-10-14,4.022849082946777
2018-10-15,4.022849082946777
2018-10-16,6.7323527336120605
2018-10-17,13.464705467224121
2018-10-18,0.0
2018-10-19,0.0
2018-10-20,0.0
2018-10-21,0.0
2018-10-22,0.0
2018-10-23,0.0
2018-10-24,0.0
2018-10-25,0.0
2018-10-26,0.0
2018-10-27,0.0
2018-10-28,0.0
2018-10-29,0.0
2018-10-30,0.0
2018-10-31,0.0
2018-11-01,0.0
2018-11-02,7.360956192016602
2018-11-03,0.0
2018-11-04,0.0
2018-11-05,0.0
2018-11-06,0.0
2018-11-07,0.0
2018-11-08,0.0
2018-11-09,0.0
2018-11-10,0.0
2018-11-11,0.0
2018-11-12,0.0
2018-11-13,0.0
2018-11-14,0.0
2018-11-15,0.0
2018-11-16,0.0
2018-11-17,0.0
2018-11-18,0.0
2018-11-19,0.0
2018-11-20,0.0
2018-11-21,0.0
2018-11-22,0.0
2018-11-23,0.0
2018-11-24,0.0
2018-11-25,0.0
2018-11-26,0.0
2018-11-27,0.0
2018-11-28,0.0
2018-11-29,0.0
2018-11-30,0.0
2018-12-01,0.0
2018-12-02,0.0
2018-12-03,0.0
2018-12-04,0.0
2018-12-05,0.0
2018-12-06,0.0
2018-12-07,0.0
2018-12-08,0.0
2018-12-09,0.0
2018-12-10,0.0
2018-12-11,0.0
2018-12-12,0.0
2018-12-13,0.0
2018-12-14,0.0
2018-12-15,0.0
2018-12-16,5.085831642150879
2018-12-17,7.62874698638916
2018-12-18,0.0
2018-12-19,0.0
2018-12-20,0.0
2018-12-21,1.4297947883605957
2018-12-22,0.0
2018-12-23,0.0
2018-12-24,0.0
2018-12-25,0.0
2018-12-26,0.0
2018-12-27,0.0
2018-12-28,0.0
2018-12-29,0.0
2018-12-30,0.0
2018-12-31,0.0
2019-01-01,0.0
2019-01-02,0.0
2019-01-03,0.0
2019-01-04,0.0
2019-01-05,0.0
2019-01-06,0.0
2019-01-07,0.0
2019-01-08,0.0
2019-01-09,0.0
2019-01-10,0.0
2019-01-11,0.0
2019-01-12,0.0
2019-01-13,0.0
2019-01-14,0.0
2019-01-15,0.0
2019-01-16,0.0
2019-01-17,0.0
2019-01-18,0.0
2019-01-19,0.0
2019-01-20,0.0
2019-01-21,0.0
2019-01-22,0.0
2019-01-23,0.0
2019-01-24,0.0
2019-01-25,0.0
2019-01-26,0.0
2019-01-27,0.0
2019-01-28,0.0
2019-01-29,0.0
2019-01-30,0.0
2019-01-31,0.0
2019-02-01,0.0
2019-02-02,0.0
2019-02-03,0.0
2019-02-04,0.0
2019-02-05,0.0
2019-02-06,0.0
2019-02-07,0.0
2019-02-08,0.0
2019-02-09,0.0
2019-02-10,0.0
2019-02-11,0.0
2019-02-12,0.0
2019-02-13,0.0
2019-02-14,0.0
2019-02-15,0.0
2019-02-16,0.0
2019-02-17,0.0
2019-02-18,0.0
2019-02-19,0.0
2019-02-20,0.0
2019-02-21,0.0
2019-02-22,0.0
2019-02-23,0.0
2019-02-24,0.0
2019-02-25,2.4449234008789062
2019-02-26,0.0
2019-02-27,0.0
2019-02-28,4.569570541381836
2019-03-01,0.0
2019-03-02,0.0
2019-03-03,0.0
2019-03-04,0.0
2019-03-05,0.0
2019-03-06,5.712310314178467
2019-03-07,6.060003280639648
2019-03-08,2.657855987548828
2019-03-09,0.0
2019-03-10,0.0
2019-03-11,0.0
2019-03-12,0.0
2019-03-13,0.0
2019-03-14,0.0
2019-03-15,0.0
2019-03-16,0.0
2019-03-17,0.0
2019-03-18,0.0
2019-03-19,0.0
2019-03-20,0.0
2019-03-21,0.0
2019-03-22,0.0
2019-03-23,0.0
2019-03-24,0.0
2019-03-25,0.0
2019-03-26,0.0
2019-03-27,0.0
2019-03-28,0.0
2019-03-29,0.0
2019-03-30,0.0
2019-03-31,0.0
2019-04-01,0.0
2019-04-02,0.0
2019-04-03,0.0
2019-04-04,0.0
2019-04-05,0.0
2019-04-06,0.0
2019-04-07,6.5640387535095215
2019-04-08,0.0
2019-04-09,0.0
2019-04-10,0.0
2019-04-11,0.0
2019-04-12,0.0
2019-04-13,0.0
2019-04-14,0.0
2019-04-15,0.0
2019-04-16,0.0
2019-04-17,0.0
2019-04-18,0.0
2019-04-19,0.0
2019-04-20,0.0
2019-04-21,0.9225791692733765
2019-04-22,3.7379767894744873
2019-04-23,0.0
2019-04-24,0.0
2019-04-25,0.0
2019-04-26,0.0
2019-04-27,0.0
2019-04-28,0.0
2019-04-29,0.0
2019-04-30,0.0
2019-05-01,2.8751144409179688
2019-05-02,5.7502288818359375
2019-05-03,2.8751144409179688
2019-05-04,0.0
2019-05-05,0.0
2019-05-06,0.0
2019-05-07,4.22442626953125
2019-05-08,4.22442626953125
2019-05-09,0.0
2019-05-10,0.0
2019-05-11,11.757367134094238
2019-05-12,0.0
2019-05-13,0.0
2019-05-14,0.0
2019-05-15,0.0
2019-05-16,0.0
2019-05-17,0.0
2019-05-18,0.0
2019-05-19,0.0
2019-05-20,0.0
2019-05-21,0.0
2019-05-22,0.0
2019-05-23,0.0
2019-05-24,0.0
2019-05-25,0.0
2019-05-26,0.0
2019-05-27,0.0
2019-05-28,0.0
2019-05-29,11.0947847366333
2019-05-30,0.0
2019-05-31,0.0
2019-06-01,0.0
2019-06-02,0.0
2019-06-03,6.948175430297852
2019-06-04,0.0
2019-06-05,0.0
2019-06-06,4.985558032989502
2019-06-07,0.0
2019-06-08,0.0
2019-06-09,3.3237054347991943
2019-06-10,3.3237054347991943
2019-06-11,0.21753056347370148
2019-06-12,3.0471749305725098
2019-06-13,0.007969502359628677
2019-06-14,4.573257683659904e-05
2019-06-15,0.0004168800078332424
2019-06-16,6.430534839630127
2019-06-17,0.0
2019-06-18,0.0
2019-06-19,0.0
2019-06-20,12.861069679260254
2019-06-21,21.726346969604492
2019-06-22,5.431586742401123
2019-06-23,16.29475975036621
2019-06-24,0.0
2019-06-25,0.0
2019-06-26,3.734105348587036
2019-06-27,0.0
2019-06-28,7.468210697174072
2019-06-29,1.867052674293518
2019-06-30,0.0
2019-07-01,2.496799945831299
2019-07-02,4.993599891662598
2019-07-03,0.0
2019-07-04,2.496799945831299
2019-07-05,14.98080062866211
2019-07-06,2.1934192180633545
2019-07-07,0.0
2019-07-08,4.386838436126709
2019-07-09,2.1934192180633545
2019-07-10,2.1934192180633545
2019-07-11,9.335103988647461
2019-07-12,0.0
2019-07-13,9.335103988647461
2019-07-14,0.0
2019-07-15,9.335103988647461
2019-07-16,0.0
2019-07-17,0.0
2019-07-18,19.027713775634766
2019-07-19,9.513856887817383
2019-07-20,9.513856887817383
2019-07-21,0.0
2019-07-22,0.0
2019-07-23,0.0
2019-07-24,0.0
2019-07-25,19.655345916748047
2019-07-26,30.454877853393555
2019-07-27,7.613719463348389
2019-07-28,30.454877853393555
2019-07-29,53.29603958129883
2019-07-30,0.0
2019-07-31,7.613719463348389
2019-08-01,27.503023147583008
2019-08-02,27.503023147583008
2019-08-03,0.0
2019-08-04,0.0
2019-08-05,13.751511573791504
2019-08-06,30.91930389404297
2019-08-07,26.502260208129883
2019-08-08,0.0
2019-08-09,0.0
2019-08-10,0.0
2019-08-11,0.0
2019-08-12,7.655470848083496
2019-08-13,15.310941696166992
2019-08-14,7.655470848083496
2019-08-15,7.655470848083496
2019-08-16,0.0
2019-08-17,19.829347610473633
2019-08-18,19.829347610473633
2019-08-19,0.0
2019-08-20,0.0
2019-08-21,15.009866714477539
2019-08-22,0.0
2019-08-23,0.0
2019-08-24,30.019733428955078
2019-08-25,7.5049333572387695
2019-08-26,0.0
2019-08-27,0.0
2019-08-28,0.0
2019-08-29,0.0
2019-08-30,7.907246112823486
2019-08-31,15.814492225646973
2019-09-01,0.0
2019-09-02,0.0
2019-09-03,0.0
2019-09-04,0.0
2019-09-05,22.35870933532715
2019-09-06,8.801482200622559
2019-09-07,0.0
2019-09-08,0.0
2019-09-09,0.0
2019-09-10,4.400741100311279
2019-09-11,14.671507835388184
2019-09-12,14.671507835388184
2019-09-13,22.007261276245117
2019-09-14,7.335753917694092
2019-09-15,7.335753917694092
2019-09-16,9.575679779052734
2019-09-17,19.15135955810547
2019-09-18,0.0
2019-09-19,9.575679779052734
2019-09-20,9.575679779052734
2019-09-21,6.777930736541748
2019-09-22,0.0
2019-09-23,13.555861473083496
2019-09-24,20.333791732788086
2019-09-25,13.555861473083496
2019-09-26,23.164716720581055
2019-09-27,15.443144798278809
2019-09-28,0.0
2019-09-29,0.0
2019-09-30,7.721572399139404
2019-10-01,8.525047302246094
2019-10-02,8.525047302246094
2019-10-03,17.050094604492188
2019-10-04,0.0
2019-10-05,8.525047302246094
2019-10-06,9.714444160461426
2019-10-07,9.714444160461426
2019-10-08,9.714444160461426
2019-10-09,0.0
2019-10-10,19.42888832092285
2019-10-11,0.0
2019-10-12,8.47256851196289
2019-10-13,16.94513702392578
2019-10-14,8.47256851196289
2019-10-15,0.0
2019-10-16,0.0
2019-10-17,0.0
2019-10-18,0.0
2019-10-19,0.0
2019-10-20,17.326486587524414
2019-10-21,12.290862083435059
2019-10-22,36.87258529663086
2019-10-23,24.581724166870117
2019-10-24,0.0
2019-10-25,0.0
2019-10-26,13.714104652404785
2019-10-27,0.0
2019-10-28,0.0
2019-10-29,0.0
2019-10-30,0.0
2019-10-31,0.0
2019-11-01,3.7409543991088867
2019-11-02,0.0
2019-11-03,0.0
2019-11-04,0.0
2019-11-05,0.0
2019-11-06,0.0
2019-11-07,0.0
2019-11-08,0.0
2019-11-09,0.0
2019-11-10,0.0
2019-11-11,0.0
2019-11-12,0.0
2019-11-13,0.0
2019-11-14,0.0
2019-11-15,0.0
2019-11-16,0.0
2019-11-17,0.0
2019-11-18,0.0
2019-11-19,0.0
2019-11-20,0.0
2019-11-21,0.0
2019-11-22,0.0
2019-11-23,0.0
2019-11-24,0.0
2019-11-25,0.0
2019-11-26,0.0
2019-11-27,0.0
2019-11-28,1.7413214445114136
2019-11-29,0.0
2019-11-30,0.0
2019-12-01,0.0
2019-12-02,0.0
2019-12-03,0.0
2019-12-04,0.0
2019-12-05,0.0
2019-12-06,0.0
2019-12-07,0.0
2019-12-08,0.0
2019-12-09,0.0
2019-12-10,0.0
2019-12-11,0.0
2019-12-12,0.0
2019-12-13,0.0
2019-12-14,0.0
2019-12-15,0.0
2019-12-16,0.0
2019-12-17,0.0
2019-12-18,0.0
2019-12-19,0.0
2019-12-20,0.0
2019-12-21,0.0
2019-12-22,0.0
2019-12-23,0.0
2019-12-24,0.0
2019-12-25,0.0
2019-12-26,0.0
2019-12-27,0.0
2019-12-28,0.0
2019-12-29,0.0
2019-12-30,0.0
2019-12-31,0.0
2020-01-01,0.0
2020-01-02,0.0
2020-01-03,0.0
2020-01-04,0.0
2020-01-05,0.0
2020-01-06,0.0
2020-01-07,0.0
2020-01-08,0.0
2020-01-09,0.0
2020-01-10,0.0
2020-01-11,0.0
2020-01-12,0.0
2020-01-13,0.0
2020-01-14,0.0
2020-01-15,0.0
2020-01-16,0.0
2020-01-17,0.0
2020-01-18,0.0
2020-01-19,0.0
2020-01-20,0.0
2020-01-21,0.0
2020-01-22,0.0
2020-01-23,0.0
2020-01-24,0.0
2020-01-25,0.0
2020-01-26,0.0
2020-01-27,0.0
2020-01-28,0.0
2020-01-29,0.0
2020-01-30,0.0
2020-01-31,0.0
2020-02-01,0.0
2020-02-02,0.0
2020-02-03,0.0
2020-02-04,0.0
2020-02-05,0.0
2020-02-06,0.0
2020-02-07,0.0
2020-02-08,0.0
2020-02-09,0.0
2020-02-10,0.0
2020-02-11,0.0
2020-02-12,0.0
2020-02-13,0.0
2020-02-14,0.0
2020-02-15,0.0
2020-02-16,0.0
2020-02-17,0.0
2020-02-18,0.0
2020-02-19,0.0
2020-02-20,4.379275798797607
2020-02-21,0.0
2020-02-22,0.0
2020-02-23,0.0
2020-02-24,0.0
2020-02-25,5.119143009185791
2020-02-26,0.0
2020-02-27,0.0
2020-02-28,0.0
2020-02-29,0.0
2020-03-01,0.0
2020-03-02,0.0
2020-03-03,0.0
2020-03-04,0.0
2020-03-05,0.0
2020-03-06,0.0
2020-03-07,0.0
2020-03-08,0.0
2020-03-09,0.0
2020-03-10,0.0
2020-03-11,0.0
2020-03-12,0.0
2020-03-13,0.0
2020-03-14,0.0
2020-03-15,0.0
2020-03-16,0.0
2020-03-17,0.0
2020-03-18,0.0
2020-03-19,7.550202369689941
2020-03-20,0.0
2020-03-21,0.0
2020-03-22,0.0
2020-03-23,0.0
2020-03-24,0.0
2020-03-25,0.0
2020-03-26,0.0
2020-03-27,0.0
2020-03-28,0.0
2020-03-29,0.0
2020-03-30,0.0
2020-03-31,0.0
2020-04-01,0.0
2020-04-02,0.0
2020-04-03,0.0
2020-04-04,0.0
2020-04-05,0.0
2020-04-06,0.0
2020-04-07,5.070739269256592
2020-04-08,0.0
2020-04-09,5.070739269256592
2020-04-10,0.0
2020-04-11,0.0
2020-04-12,0.0
2020-04-13,0.0
2020-04-14,0.0
2020-04-15,0.0
2020-04-16,0.0
2020-04-17,0.0
2020-04-18,0.0
2020-04-19,0.0
2020-04-20,0.0
2020-04-21,0.0
2020-04-22,0.0
2020-04-23,0.0
2020-04-24,2.6103708744049072
2020-04-25,5.2207417488098145
2020-04-26,0.0
2020-04-27,4.567758560180664
2020-04-28,4.567758560180664
2020-04-29,0.0
2020-04-30,4.567758560180664
2020-05-01,0.0
2020-05-02,0.0
2020-05-03,0.0
2020-05-04,0.0
2020-05-05,0.0
2020-05-06,5.981476783752441
2020-05-07,0.0
2020-05-08,0.0
2020-05-09,0.0
2020-05-10,0.0
2020-05-11,0.0
2020-05-12,0.0
2020-05-13,0.0
2020-05-14,0.0
2020-05-15,0.0
2020-05-16,5.463776111602783
2020-05-17,0.0
2020-05-18,8.195664405822754
2020-05-19,10.927552223205566
2020-05-20,0.0
2020-05-21,0.0
2020-05-22,0.0
2020-05-23,0.0
2020-05-24,4.741187876788899e-05
2020-05-25,2.208994150161743
2020-05-26,0.0
2020-05-27,0.0
2020-05-28,5.532053470611572
2020-05-29,0.0
2020-05-30,0.0
2020-05-31,11.064106941223145
2020-06-01,2.0045673847198486
2020-06-02,9.243525505065918
2020-06-03,12.155187606811523
2020-06-04,7.408423900604248
2020-06-05,1.217474102973938
2020-06-06,0.0
2020-06-07,0.0
2020-06-08,8.805718421936035
2020-06-09,6.604289531707764
2020-06-10,6.604289531707764
2020-06-11,29.21031951904297
2020-06-12,27.69810676574707
2020-06-13,1.8004835844039917
2020-06-14,3.7752676010131836
2020-06-15,3.6673178672790527
2020-06-16,13.185543060302734
2020-06-17,13.185543060302734
2020-06-18,8.790361404418945
2020-06-19,0.0
2020-06-20,8.790361404418945
2020-06-21,0.0
2020-06-22,11.162446022033691
2020-06-23,0.0
2020-06-24,0.0
2020-06-25,0.0
2020-06-26,0.0
2020-06-27,0.0
2020-06-28,0.0
2020-06-29,22.055049896240234
2020-06-30,5.513762474060059
2020-07-01,11.644957542419434
2020-07-02,5.822478771209717
2020-07-03,23.289915084838867
2020-07-04,5.822478771209717
2020-07-05,17.467435836791992
2020-07-06,0.0
2020-07-07,0.0
2020-07-08,19.610416412353516
2020-07-09,19.610416412353516
2020-07-10,19.610416412353516
2020-07-11,15.954874992370605
2020-07-12,21.27316665649414
2020-07-13,15.954874992370605
2020-07-14,15.954874992370605
2020-07-15,10.63658332824707
2020-07-16,4.718469619750977
2020-07-17,3.3129160404205322
2020-07-18,2.485363006591797
2020-07-19,11.722250938415527
2020-07-20,13.342711448669434
2020-07-21,0.0
2020-07-22,15.05698013305664
2020-07-23,22.58547019958496
2020-07-24,7.52849006652832
2020-07-25,0.0
2020-07-26,0.0
2020-07-27,0.0
2020-07-28,21.4556884765625
2020-07-29,0.0
2020-07-30,0.0
2020-07-31,0.0
2020-08-01,8.396951675415039
2020-08-02,8.396951675415039
2020-08-03,12.595427513122559
2020-08-04,12.595427513122559
2020-08-05,8.396951675415039
2020-08-06,2.9672162532806396
2020-08-07,0.0
2020-08-08,0.0
2020-08-09,5.934432506561279
2020-08-10,0.0
2020-08-11,0.0
2020-08-12,45.04243469238281
2020-08-13,12.869267463684082
2020-08-14,6.434633731842041
2020-08-15,12.869267463684082
2020-08-16,13.34926700592041
2020-08-17,0.0
2020-08-18,0.0
2020-08-19,33.3731689453125
2020-08-20,33.3731689453125
2020-08-21,0.0
2020-08-22,0.0
2020-08-23,3.6857903003692627
2020-08-24,0.0
2020-08-25,11.057371139526367
2020-08-26,2.9097676277160645
2020-08-27,8.729302406311035
2020-08-28,0.0
2020-08-29,2.9097676277160645
2020-08-30,0.0
2020-08-31,2.9097676277160645
2020-09-01,23.796424865722656
2020-09-02,4.759284496307373
2020-09-03,0.0
2020-09-04,0.0
2020-09-05,4.759284496307373
2020-09-06,0.0
2020-09-07,0.0
2020-09-08,4.850448131561279
2020-09-09,0.0
2020-09-10,0.0
2020-09-11,14.296098709106445
2020-09-12,21.444149017333984
2020-09-13,21.444149017333984
2020-09-14,28.59219741821289
2020-09-15,21.444149017333984
2020-09-16,19.28727149963379
2020-09-17,10.14040756225586
2020-09-18,12.267976760864258
2020-09-19,10.898552894592285
2020-09-20,12.102788925170898
2020-09-21,0.0
2020-09-22,0.0
2020-09-23,0.0
2020-09-24,0.0
2020-09-25,31.497926712036133
2020-09-26,13.523637771606445
2020-09-27,0.0
2020-09-28,4.507879257202148
2020-09-29,13.523637771606445
2020-09-30,18.031517028808594
2020-10-01,0.0
2020-10-02,0.0
2020-10-03,15.241414070129395
2020-10-04,10.160942077636719
2020-10-05,10.160942077636719
2020-10-06,16.32438087463379
2020-10-07,10.882920265197754
2020-10-08,5.441460132598877
2020-10-09,5.441460132598877
2020-10-10,32.64876174926758
2020-10-11,38.93463134765625
2020-10-12,46.7215576171875
2020-10-13,31.147705078125
2020-10-14,23.36077880859375
2020-10-15,0.0
2020-10-16,11.187797546386719
2020-10-17,5.593898773193359
2020-10-18,5.593898773193359
2020-10-19,22.375595092773438
2020-10-20,16.781696319580078
2020-10-21,9.747286796569824
2020-10-22,0.0
2020-10-23,0.0
2020-10-24,0.0
2020-10-25,0.0
2020-10-26,0.45862388610839844
2020-10-27,0.6797775030136108
2020-10-28,0.0
2020-10-29,1.9808994693448767e-05
2020-10-30,0.0
2020-10-31,0.0
2020-11-01,0.0
2020-11-02,0.0
2020-11-03,6.162636756896973
2020-11-04,0.0
2020-11-05,0.0
2020-11-06,0.0
2020-11-07,0.0
2020-11-08,0.0
2020-11-09,0.0
2020-11-10,0.0
2020-11-11,0.0
2020-11-12,0.0
2020-11-13,0.0
2020-11-14,0.0
2020-11-15,0.0
2020-11-16,0.0
2020-11-17,0.0
2020-11-18,0.0
2020-11-19,0.0
2020-11-20,0.0
2020-11-21,0.0
2020-11-22,0.0
2020-11-23,5.666691780090332
2020-11-24,0.0
2020-11-25,7.555588722229004
2020-11-26,47.142417907714844
2020-11-27,0.0
2020-11-28,0.0
2020-11-29,0.0
2020-11-30,0.0
2020-12-01,0.0
2020-12-02,0.0
2020-12-03,4.2277045249938965
2020-12-04,0.0
2020-12-05,0.0
2020-12-06,0.0
2020-12-07,0.0
2020-12-08,0.0
2020-12-09,0.0
2020-12-10,0.0
2020-12-11,0.0
2020-12-12,0.0
2020-12-13,0.0
2020-12-14,0.0
2020-12-15,0.0
2020-12-16,0.0
2020-12-17,0.0
2020-12-18,0.0
2020-12-19,0.0
2020-12-20,0.0
2020-12-21,0.0
2020-12-22,0.0
2020-12-23,0.0
2020-12-24,0.0
2020-12-25,0.0
2020-12-26,0.0
2020-12-27,0.0
2020-12-28,0.0
2020-12-29,0.0
2020-12-30,0.0
2020-12-31,0.0
2021-01-01,0.0
2021-01-02,0.0
2021-01-03,0.0
2021-01-04,0.0
2021-01-05,0.0
2021-01-06,0.0
2021-01-07,0.0
2021-01-08,0.0
2021-01-09,0.0
2021-01-10,0.0
2021-01-11,0.0
2021-01-12,0.0
2021-01-13,0.0
2021-01-14,0.0
2021-01-15,0.0
2021-01-16,0.0
2021-01-17,0.0
2021-01-18,0.0
2021-01-19,0.0
2021-01-20,0.0
2021-01-21,0.0
2021-01-22,0.0
2021-01-23,0.0
2021-01-24,0.0
2021-01-25,0.0
2021-01-26,0.0
2021-01-27,0.0
2021-01-28,0.0
2021-01-29,0.0
2021-01-30,0.0
2021-01-31,0.0
2021-02-01,2.4111480712890625
2021-02-02,0.0
2021-02-03,0.0
2021-02-04,0.0
2021-02-05,0.0
2021-02-06,0.0
2021-02-07,0.0
2021-02-08,0.0
2021-02-09,0.0
2021-02-10,0.0
2021-02-11,0.0
2021-02-12,0.0
2021-02-13,0.0
2021-02-14,0.0
2021-02-15,0.0
2021-02-16,0.0
2021-02-17,0.0
2021-02-18,0.0
2021-02-19,0.0
2021-02-20,0.0
2021-02-21,3.7364280223846436
2021-02-22,0.0
2021-02-23,0.0
2021-02-24,0.0
2021-02-25,0.0
2021-02-26,0.0
2021-02-27,0.0
2021-02-28,0.0
2021-03-01,0.0
2021-03-02,0.0
2021-03-03,0.0
2021-03-04,0.0
2021-03-05,0.0
2021-03-06,0.0
2021-03-07,0.0
2021-03-08,0.0
2021-03-09,0.0
2021-03-10,0.0
2021-03-11,0.0
2021-03-12,0.0
2021-03-13,0.0
2021-03-14,0.0
2021-03-15,0.0
2021-03-16,0.0
2021-03-17,0.0
2021-03-18,0.0
2021-03-19,0.0
2021-03-20,0.0
2021-03-21,0.0
2021-03-22,0.0
2021-03-23,0.0
2021-03-24,0.0
2021-03-25,0.0
2021-03-26,0.0
2021-03-27,0.0
2021-03-28,0.0
2021-03-29,0.0
2021-03-30,0.0
2021-03-31,0.0
2021-04-01,0.0
2021-04-02,0.0
2021-04-03,0.0
2021-04-04,0.0
2021-04-05,0.0
2021-04-06,0.0
2021-04-07,0.0
2021-04-08,0.0
2021-04-09,0.0
2021-04-10,0.0
2021-04-11,0.0
2021-04-12,0.0
2021-04-13,0.0
2021-04-14,3.677428722381592
2021-04-15,0.0
2021-04-16,0.0
2021-04-17,0.0
2021-04-18,2.4582808017730713
2021-04-19,0.0
2021-04-20,2.4582808017730713
2021-04-21,2.028797149658203
2021-04-22,4.057594299316406
2021-04-23,4.057594299316406
2021-04-24,2.028797149658203
2021-04-25,0.0
2021-04-26,0.0
2021-04-27,1.534839391708374
2021-04-28,0.0
2021-04-29,0.0
2021-04-30,0.0
2021-05-01,0.0
2021-05-02,0.0
2021-05-03,0.0
2021-05-04,0.0
2021-05-05,7.281666278839111
2021-05-06,0.0
2021-05-07,0.0
2021-05-08,0.0
2021-05-09,0.0
2021-05-10,0.0
2021-05-11,13.908914566040039
2021-05-12,0.0
2021-05-13,6.9544572830200195
2021-05-14,0.0
2021-05-15,0.0
2021-05-16,0.0
2021-05-17,9.554098129272461
2021-05-18,0.0
2021-05-19,0.0
2021-05-20,0.0
2021-05-21,12.09794807434082
2021-05-22,12.09794807434082
2021-05-23,0.0
2021-05-24,4.032649993896484
2021-05-25,8.065299987792969
2021-05-26,0.0
2021-05-27,0.0
2021-05-28,0.0
2021-05-29,0.0
2021-05-30,0.0
2021-05-31,0.0
2021-06-01,5.246725082397461
2021-06-02,5.246725082397461
2021-06-03,10.493450164794922
2021-06-04,0.0
2021-06-05,0.0
2021-06-06,0.0
2021-06-07,0.0
2021-06-08,0.0
2021-06-09,0.0
2021-06-10,16.681123733520508
2021-06-11,0.0
2021-06-12,11.375334739685059
2021-06-13,17.06300163269043
2021-06-14,5.687667369842529
2021-06-15,11.375334739685059
2021-06-16,0.0
2021-06-17,9.9868803024292
2021-06-18,14.980321884155273
2021-06-19,0.0
2021-06-20,0.0
2021-06-21,0.0
2021-06-22,0.0
2021-06-23,0.0
2021-06-24,0.0
2021-06-25,0.0
2021-06-26,5.225965976715088
2021-06-27,5.225965976715088
2021-06-28,0.0
2021-06-29,5.225965976715088
2021-06-30,20.90386390686035
2021-07-01,0.0
2021-07-02,37.65126037597656
2021-07-03,12.550421714782715
2021-07-04,12.550421714782715
2021-07-05,0.0
2021-07-06,0.0
2021-07-07,17.81754493713379
2021-07-08,26.726318359375
2021-07-09,0.0
2021-07-10,8.908772468566895
2021-07-11,26.553430557250977
2021-07-12,17.702287673950195
2021-07-13,35.40457534790039
2021-07-14,0.0
2021-07-15,0.0
2021-07-16,0.0
2021-07-17,0.0
2021-07-18,0.0
2021-07-19,0.0
2021-07-20,38.6355094909668
2021-07-21,26.224985122680664
2021-07-22,6.556246280670166
2021-07-23,6.556246280670166
2021-07-24,0.0
2021-07-25,6.556246280670166
2021-07-26,3.7061424255371094
2021-07-27,3.7061424255371094
2021-07-28,11.118428230285645
2021-07-29,7.412284851074219
2021-07-30,0.0
2021-07-31,0.0
2021-08-01,0.0
2021-08-02,0.0
2021-08-03,0.0
2021-08-04,0.0
2021-08-05,0.0
2021-08-06,0.0
2021-08-07,0.0
2021-08-08,0.0
2021-08-09,0.0
2021-08-10,12.401567459106445
2021-08-11,0.0
2021-08-12,28.584428787231445
2021-08-13,38.11256790161133
2021-08-14,28.584428787231445
2021-08-15,0.0
2021-08-16,4.771811008453369
2021-08-17,19.087244033813477
2021-08-18,0.0
2021-08-19,9.543622016906738
2021-08-20,19.087244033813477
2021-08-21,21.155017852783203
2021-08-22,0.0
2021-08-23,0.0
2021-08-24,0.0
2021-08-25,21.155017852783203
2021-08-26,4.872064113616943
2021-08-27,14.616192817687988
2021-08-28,4.872064113616943
2021-08-29,0.0
2021-08-30,4.872064113616943
2021-08-31,14.616192817687988
2021-09-01,8.10807991027832
2021-09-02,0.0
2021-09-03,16.21615982055664
2021-09-04,18.53275489807129
2021-09-05,24.32423973083496
2021-09-06,29.42678451538086
2021-09-07,9.808928489685059
2021-09-08,0.0
2021-09-09,0.0
2021-09-10,19.617856979370117
2021-09-11,3.674131155014038
2021-09-12,3.674131155014038
2021-09-13,7.348262310028076
2021-09-14,3.674131155014038
2021-09-15,3.674131155014038
2021-09-16,0.0
2021-09-17,5.2651591300964355
2021-09-18,10.530318260192871
2021-09-19,10.530318260192871
2021-09-20,0.0
2021-09-21,3.8824262619018555
2021-09-22,7.764852523803711
2021-09-23,3.8824262619018555
2021-09-24,11.647279739379883
2021-09-25,11.647279739379883
2021-09-26,32.70504379272461
2021-09-27,24.52878189086914
2021-09-28,16.352521896362305
2021-09-29,0.0
2021-09-30,8.176260948181152
2021-10-01,0.0
2021-10-02,0.0
2021-10-03,0.0
2021-10-04,13.756399154663086
2021-10-05,0.0
2021-10-06,18.754941940307617
2021-10-07,9.377470970153809
2021-10-08,0.0
2021-10-09,0.0
2021-10-10,0.0
2021-10-11,0.0
2021-10-12,4.350465297698975
2021-10-13,0.0
2021-10-14,0.0
2021-10-15,13.051395416259766
2021-10-16,17.733816146850586
2021-10-17,8.866908073425293
2021-10-18,8.866908073425293
2021-10-19,8.866908073425293
2021-10-20,8.866908073425293
2021-10-21,0.0
2021-10-22,0.0
2021-10-23,0.0
2021-10-24,0.0
2021-10-25,0.0
2021-10-26,0.0
2021-10-27,0.0
2021-10-28,0.0
2021-10-29,13.502888679504395
2021-10-30,9.00192642211914
2021-10-31,0.0
2021-11-01,10.00917911529541
2021-11-02,5.004589557647705
2021-11-03,0.0
2021-11-04,0.0
2021-11-05,0.0
2021-11-06,0.0
2021-11-07,0.0
2021-11-08,4.0983405113220215
2021-11-09,4.0983405113220215
2021-11-10,8.196681022644043
2021-11-11,7.5952372550964355
2021-11-12,17.722219467163086
2021-11-13,10.126982688903809
2021-11-14,0.0
2021-11-15,0.0
2021-11-16,0.0
2021-11-17,3.9563257694244385
2021-11-18,7.912651538848877
2021-11-19,23.737953186035156
2021-11-20,0.0
2021-11-21,0.0
2021-11-22,0.0
2021-11-23,11.37108039855957
2021-11-24,0.0
2021-11-25,0.0
2021-11-26,0.0
2021-11-27,0.0
2021-11-28,12.52786636352539
2021-11-29,0.0
2021-11-30,0.0
2021-12-01,0.0
2021-12-02,0.0
2021-12-03,0.0
2021-12-04,0.0
2021-12-05,0.0
2021-12-06,0.0
2021-12-07,0.0
2021-12-08,0.0
2021-12-09,0.0
2021-12-10,0.0
2021-12-11,0.0
2021-12-12,0.0
2021-12-13,0.0
2021-12-14,0.0
2021-12-15,0.0
2021-12-16,0.0
2021-12-17,0.0
2021-12-18,0.0
2021-12-19,0.0
2021-12-20,0.0
2021-12-21,0.0
2021-12-22,0.0
2021-12-23,0.0
2021-12-24,0.0
2021-12-25,0.0
2021-12-26,0.0
2021-12-27,0.0
2021-12-28,0.0
2021-12-29,0.0
2021-12-30,0.0
2021-12-31,0.0
2022-01-01,0.0
2022-01-02,0.0
2022-01-03,0.0
2022-01-04,3.3265960216522217
2022-01-05,0.0
2022-01-06,0.0
2022-01-07,0.0
2022-01-08,0.0
2022-01-09,0.0
2022-01-10,3.5815892219543457
2022-01-11,0.0
2022-01-12,0.0
2022-01-13,0.0
2022-01-14,0.0
2022-01-15,0.0
2022-01-16,0.0
2022-01-17,0.0
2022-01-18,0.0
2022-01-19,0.0
2022-01-20,0.0
2022-01-21,0.0
2022-01-22,0.0
2022-01-23,0.0
2022-01-24,0.0
2022-01-25,0.0
2022-01-26,0.0
2022-01-27,0.0
2022-01-28,0.0
2022-01-29,0.0
2022-01-30,0.0
2022-01-31,0.0
2022-02-01,0.0
2022-02-02,0.0
2022-02-03,0.0
2022-02-04,0.0
2022-02-05,0.0
2022-02-06,0.0
2022-02-07,0.0
2022-02-08,0.0
2022-02-09,0.0
2022-02-10,0.0
2022-02-11,0.0
2022-02-12,2.296562433242798
2022-02-13,0.0
2022-02-14,0.0
2022-02-15,0.0
2022-02-16,0.0
2022-02-17,0.0
2022-02-18,0.0
2022-02-19,0.0
2022-02-20,0.0
2022-02-21,0.0
2022-02-22,0.0
2022-02-23,0.0
2022-02-24,0.0
2022-02-25,2.8470377922058105
2022-02-26,0.0
2022-02-27,0.0
2022-02-28,0.0
2022-03-01,0.0
2022-03-02,0.0
2022-03-03,0.0
2022-03-04,0.0
2022-03-05,0.0
2022-03-06,0.0
2022-03-07,0.0
2022-03-08,0.0
2022-03-09,0.0
2022-03-10,0.0
2022-03-11,0.0
2022-03-12,0.0
2022-03-13,0.0
2022-03-14,0.0
2022-03-15,0.0
2022-03-16,0.0
2022-03-17,0.0
2022-03-18,0.0
2022-03-19,0.0
2022-03-20,0.0
2022-03-21,0.0
2022-03-22,0.0
2022-03-23,0.0
2022-03-24,0.0
2022-03-25,0.0
2022-03-26,0.0
2022-03-27,0.0
2022-03-28,0.0
2022-03-29,0.0
2022-03-30,0.0
2022-03-31,0.0
2022-04-01,0.0
2022-04-02,0.0
2022-04-03,0.0
2022-04-04,0.0
2022-04-05,0.0
2022-04-06,0.0
2022-04-07,0.0
2022-04-08,0.0
2022-04-09,0.0
2022-04-10,0.0
2022-04-11,0.0
2022-04-12,0.0
2022-04-13,0.0
2022-04-14,0.0
2022-04-15,0.0
2022-04-16,0.0
2022-04-17,0.0
2022-04-18,0.0
2022-04-19,0.0
2022-04-20,0.0
2022-04-21,0.0
2022-04-22,0.0
2022-04-23,0.0
2022-04-24,0.0
2022-04-25,5.664951801300049
2022-04-26,0.0
2022-04-27,0.0
2022-04-28,0.0
2022-04-29,0.0
2022-04-30,0.0
2022-05-01,14.640517234802246
2022-05-02,0.0
2022-05-03,0.0
2022-05-04,0.0
2022-05-05,0.0
2022-05-06,4.929091453552246
2022-05-07,0.0
2022-05-08,2.464545726776123
2022-05-09,0.0
2022-05-10,9.858182907104492
2022-05-11,27.68082618713379
2022-05-12,0.0
2022-05-13,0.0
2022-05-14,0.0
2022-05-15,0.0
2022-05-16,0.0
2022-05-17,0.0
2022-05-18,0.0
2022-05-19,13.65246295928955
2022-05-20,0.0
2022-05-21,0.0
2022-05-22,0.0
2022-05-23,0.0
2022-05-24,11.077753067016602
2022-05-25,5.538876533508301
2022-05-26,0.0
2022-05-27,0.0
2022-05-28,0.0
2022-05-29,0.0
2022-05-30,0.0
2022-05-31,0.0
2022-06-01,0.0
2022-06-02,0.0
2022-06-03,0.0
2022-06-04,0.0
2022-06-05,4.390500068664551
2022-06-06,13.421810150146484
2022-06-07,0.0
2022-06-08,0.0
2022-06-09,4.473936557769775
2022-06-10,4.473936557769775
2022-06-11,6.509537696838379
2022-06-12,0.0
2022-06-13,3.2547688484191895
2022-06-14,0.0
2022-06-15,6.509537696838379
2022-06-16,4.122744083404541
2022-06-17,3.580077886581421
2022-06-18,3.9641456604003906
2022-06-19,6.561160564422607
2022-06-20,3.825059175491333
2022-06-21,20.868547439575195
2022-06-22,8.347417831420898
2022-06-23,8.347417831420898
2022-06-24,8.347417831420898
2022-06-25,16.694835662841797
2022-06-26,18.31736183166504
2022-06-27,6.10578727722168
2022-06-28,12.21157455444336
2022-06-29,0.0
2022-06-30,12.21157455444336
2022-07-01,4.662227630615234
2022-07-02,9.324455261230469
2022-07-03,27.97336769104004
2022-07-04,9.324455261230469
2022-07-05,18.648910522460938
2022-07-06,27.70519256591797
2022-07-07,13.852596282958984
2022-07-08,41.55778884887695
2022-07-09,13.852596282958984
2022-07-10,13.852596282958984
2022-07-11,36.87071990966797
2022-07-12,18.435359954833984
2022-07-13,0.0
2022-07-14,0.0
2022-07-15,0.0
2022-07-16,13.838107109069824
2022-07-17,24.216686248779297
2022-07-18,12.108343124389648
2022-07-19,0.0
2022-07-20,0.0
2022-07-21,0.0
2022-07-22,12.939397811889648
2022-07-23,12.939397811889648
2022-07-24,12.939397811889648
2022-07-25,12.939397811889648
2022-07-26,31.369234085083008
2022-07-27,0.0
2022-07-28,0.0
2022-07-29,15.684617042541504
2022-07-30,0.0
2022-07-31,15.684617042541504
2022-08-01,16.044015884399414
2022-08-02,8.022007942199707
2022-08-03,0.0
2022-08-04,8.022007942199707
2022-08-05,0.0
2022-08-06,19.321367263793945
2022-08-07,24.151708602905273
2022-08-08,0.0
2022-08-09,9.660683631896973
2022-08-10,0.0
2022-08-11,0.0
2022-08-12,0.0
2022-08-13,6.434426307678223
2022-08-14,22.520490646362305
2022-08-15,3.2172131538391113
2022-08-16,5.619558811187744
2022-08-17,0.0
2022-08-18,0.0
2022-08-19,22.478235244750977
2022-08-20,5.619558811187744
2022-08-21,0.0
2022-08-22,0.0
2022-08-23,0.0
2022-08-24,7.2476067543029785
2022-08-25,3.6238033771514893
2022-08-26,0.0
2022-08-27,0.0
2022-08-28,27.663127899169922
2022-08-29,0.0
2022-08-30,0.0
2022-08-31,9.22104263305664
2022-09-01,0.0
2022-09-02,1.251901388168335
2022-09-03,0.0
2022-09-04,1.251901388168335
2022-09-05,0.0
2022-09-06,4.36038875579834
2022-09-07,17.44155502319336
2022-09-08,13.08116626739502
2022-09-09,21.801942825317383
2022-09-10,30.522720336914062
2022-09-11,0.0
2022-09-12,21.323278427124023
2022-09-13,0.0
2022-09-14,0.0
2022-09-15,0.0
2022-09-16,0.0
2022-09-17,0.0
2022-09-18,8.261651992797852
2022-09-19,8.261651992797852
2022-09-20,0.0
2022-09-21,0.0
2022-09-22,10.641772270202637
2022-09-23,0.0
2022-09-24,0.0
2022-09-25,0.0
2022-09-26,5.675848007202148
2022-09-27,10.878071784973145
2022-09-28,14.548563003540039
2022-09-29,9.300370216369629
2022-09-30,8.444025993347168
2022-10-01,8.021294593811035
2022-10-02,8.021294593811035
2022-10-03,12.031942367553711
2022-10-04,16.04258918762207
2022-10-05,16.04258918762207
2022-10-06,23.249828338623047
2022-10-07,7.749942779541016
2022-10-08,7.749942779541016
2022-10-09,23.249828338623047
2022-10-10,0.0
2022-10-11,13.614823341369629
2022-10-12,0.0
2022-10-13,13.614823341369629
2022-10-14,13.614823341369629
2022-10-15,27.229646682739258
2022-10-16,0.0
2022-10-17,0.0
2022-10-18,23.704748153686523
2022-10-19,0.0
2022-10-20,0.0
2022-10-21,0.0
2022-10-22,0.0
2022-10-23,0.0
2022-10-24,0.0
2022-10-25,0.0
2022-10-26,0.0
2022-10-27,0.0
2022-10-28,0.0
2022-10-29,0.0
2022-10-30,0.0
2022-10-31,0.0
2022-11-01,3.3025617599487305
2022-11-02,3.3025617599487305
2022-11-03,0.0
2022-11-04,0.0
2022-11-05,0.0
2022-11-06,0.0
2022-11-07,0.0
2022-11-08,0.0
2022-11-09,0.0
2022-11-10,0.0
2022-11-11,0.0
2022-11-12,0.0
2022-11-13,0.0
2022-11-14,0.0
2022-11-15,0.0
2022-11-16,0.0
2022-11-17,0.0
2022-11-18,0.0
2022-11-19,13.133148193359375
2022-11-20,0.0
2022-11-21,0.0
2022-11-22,0.0
2022-11-23,0.0
2022-11-24,0.0
2022-11-25,0.0
2022-11-26,0.0
2022-11-27,0.0
2022-11-28,0.0
2022-11-29,0.0
2022-11-30,0.0
2022-12-01,0.0
2022-12-02,0.0
2022-12-03,0.0
2022-12-04,0.0
2022-12-05,0.0
2022-12-06,3.3012888431549072
2022-12-07,3.3012888431549072
2022-12-08,0.0
2022-12-09,0.0
2022-12-10,3.3012888431549072
2022-12-11,0.0
2022-12-12,0.43615350127220154
2022-12-13,0.0
2022-12-14,0.0
2022-12-15,0.0
2022-12-16,0.0
2022-12-17,0.0
2022-12-18,0.0
2022-12-19,0.0
2022-12-20,0.0
2022-12-21,0.0
2022-12-22,0.0
2022-12-23,0.0
2022-12-24,0.0
2022-12-25,0.0
2022-12-26,0.0
2022-12-27,0.0
2022-12-28,0.0
2022-12-29,0.0
2022-12-30,0.0
2022-12-31,0.0
2023-01-01,0.0
2023-01-02,0.0
2023-01-03,0.0
2023-01-04,0.0
2023-01-05,0.0
2023-01-06,0.0
2023-01-07,0.0
2023-01-08,0.0
2023-01-09,0.0
2023-01-10,0.0
2023-01-11,0.0
2023-01-12,0.0
2023-01-13,0.0
2023-01-14,0.0
2023-01-15,0.0
2023-01-16,0.0
2023-01-17,0.0
2023-01-18,0.0
2023-01-19,0.0
2023-01-20,0.0
2023-01-21,0.0
2023-01-22,0.0
2023-01-23,0.0
2023-01-24,0.0
2023-01-25,0.0
2023-01-26,0.0
2023-01-27,0.0
2023-01-28,0.0
2023-01-29,0.0
2023-01-30,0.0
2023-01-31,0.0
2023-02-01,0.0
2023-02-02,0.0
2023-02-03,0.0
2023-02-04,0.0
2023-02-05,0.0
2023-02-06,0.0
2023-02-07,0.0
2023-02-08,0.0
2023-02-09,0.0
2023-02-10,1.5367283821105957
2023-02-11,0.0
2023-02-12,0.0
2023-02-13,0.0
2023-02-14,0.0
2023-02-15,0.0
2023-02-16,3.6068286895751953
2023-02-17,0.0
2023-02-18,0.0
2023-02-19,0.0
2023-02-20,0.0
2023-02-21,0.0
2023-02-22,0.0
2023-02-23,0.0
2023-02-24,0.0
2023-02-25,0.0
2023-02-26,0.0
2023-02-27,0.0
2023-02-28,0.0
2023-03-01,0.0
2023-03-02,0.0
2023-03-03,0.0
2023-03-04,0.0
2023-03-05,0.0
2023-03-06,0.0
2023-03-07,0.0
2023-03-08,0.0
2023-03-09,0.0
2023-03-10,0.0
2023-03-11,0.0
2023-03-12,0.0
2023-03-13,0.0
2023-03-14,0.0
2023-03-15,0.0
2023-03-16,12.77873420715332
2023-03-17,6.38936710357666
2023-03-18,12.77873420715332
2023-03-19,0.0
2023-03-20,0.0
2023-03-21,0.0
2023-03-22,0.0
2023-03-23,13.105761528015137
2023-03-24,0.0
2023-03-25,0.0
2023-03-26,0.0
2023-03-27,0.0
2023-03-28,0.0
2023-03-29,0.0
2023-03-30,0.0
2023-03-31,0.0
2023-04-01,0.0
2023-04-02,0.0
2023-04-03,0.0
2023-04-04,0.0
2023-04-05,0.0
2023-04-06,0.0
2023-04-07,0.0
2023-04-08,0.0
2023-04-09,0.0
2023-04-10,0.0
2023-04-11,0.0
2023-04-12,0.0
2023-04-13,0.0
2023-04-14,0.0
2023-04-15,0.0
2023-04-16,0.0
2023-04-17,0.0
2023-04-18,0.0
2023-04-19,0.0
2023-04-20,0.0
2023-04-21,6.875638008117676
2023-04-22,0.0
2023-04-23,6.875638008117676
2023-04-24,0.0
2023-04-25,0.0
2023-04-26,0.0
2023-04-27,0.0
2023-04-28,0.0
2023-04-29,0.0
2023-04-30,0.0
2023-05-01,9.340657234191895
2023-05-02,0.0
2023-05-03,0.0
2023-05-04,0.0
2023-05-05,9.340657234191895
2023-05-06,15.949963569641113
2023-05-07,0.0
2023-05-08,0.0
2023-05-09,0.0
2023-05-10,0.0
2023-05-11,3.5462515354156494
2023-05-12,7.092503070831299
2023-05-13,3.5462515354156494
2023-05-14,0.0
2023-05-15,0.0
2023-05-16,0.0
2023-05-17,0.0
2023-05-18,0.0
2023-05-19,0.0
2023-05-20,16.61554718017578
2023-05-21,0.0
2023-05-22,20.585580825805664
2023-05-23,0.0
2023-05-24,0.0
2023-05-25,0.0
2023-05-26,0.0
2023-05-27,0.0
2023-05-28,9.311941146850586
2023-05-29,0.0
2023-05-30,18.623882293701172
2023-05-31,0.0
2023-06-01,0.0
2023-06-02,0.0
2023-06-03,0.0
2023-06-04,8.888484954833984
2023-06-05,2.9628283977508545
2023-06-06,0.0
2023-06-07,0.0
2023-06-08,0.0
2023-06-09,0.0
2023-06-10,0.0
2023-06-11,0.0
2023-06-12,0.0
2023-06-13,0.0
2023-06-14,0.0
2023-06-15,0.0
2023-06-16,0.0
2023-06-17,0.0
2023-06-18,0.0
2023-06-19,5.749722957611084
2023-06-20,11.499445915222168
2023-06-21,12.264437675476074
2023-06-22,18.396657943725586
2023-06-23,12.264437675476074
2023-06-24,12.264437675476074
2023-06-25,18.396657943725586
2023-06-26,10.257667541503906
2023-06-27,0.0
2023-06-28,0.0
2023-06-29,0.0
2023-06-30,0.0
2023-07-01,0.0
2023-07-02,0.0
2023-07-03,3.5564324855804443
2023-07-04,10.669297218322754
2023-07-05,3.5564324855804443
2023-07-06,16.853595733642578
2023-07-07,0.0
2023-07-08,0.0
2023-07-09,8.426797866821289
2023-07-10,8.426797866821289
2023-07-11,0.0
2023-07-12,0.0
2023-07-13,21.98876953125
2023-07-14,0.0
2023-07-15,14.659178733825684
2023-07-16,0.0
2023-07-17,11.066587448120117
2023-07-18,22.133174896240234
2023-07-19,16.59988021850586
2023-07-20,16.59988021850586
2023-07-21,0.0
2023-07-22,0.0
2023-07-23,9.102570533752441
2023-07-24,45.512855529785156
2023-07-25,36.410282135009766
2023-07-26,54.266414642333984
2023-07-27,0.0
2023-07-28,0.0
2023-07-29,0.0
2023-07-30,0.0
2023-07-31,0.0
2023-08-01,0.0
2023-08-02,0.0
2023-08-03,0.0
2023-08-04,0.0
2023-08-05,0.0
2023-08-06,0.0
2023-08-07,0.0
2023-08-08,0.0
2023-08-09,0.0
2023-08-10,0.0
2023-08-11,7.096439838409424
2023-08-12,0.0
2023-08-13,14.192879676818848
2023-08-14,7.096439838409424
2023-08-15,0.0
2023-08-16,5.901638507843018
2023-08-17,11.803277015686035
2023-08-18,5.901638507843018
2023-08-19,0.0
2023-08-20,0.0
2023-08-21,0.0
2023-08-22,8.005135536193848
2023-08-23,8.005135536193848
2023-08-24,16.010271072387695
2023-08-25,8.005135536193848
2023-08-26,35.43870162963867
2023-08-27,0.0
2023-08-28,0.0
2023-08-29,0.0
2023-08-30,0.0
2023-08-31,0.0
2023-09-01,6.141336441040039
2023-09-02,12.282672882080078
2023-09-03,6.141336441040039
2023-09-04,18.424009323120117
2023-09-05,0.0
2023-09-06,5.213606834411621
2023-09-07,10.427213668823242
2023-09-08,10.427213668823242
2023-09-09,0.0
2023-09-10,5.213606834411621
2023-09-11,0.0
2023-09-12,5.794009208679199
2023-09-13,0.0
2023-09-14,5.794009208679199
2023-09-15,0.0
2023-09-16,3.2518515586853027
2023-09-17,0.0
2023-09-18,3.2518515586853027
2023-09-19,0.0
2023-09-20,6.5037031173706055
2023-09-21,6.003489017486572
2023-09-22,12.006978034973145
2023-09-23,0.0
2023-09-24,6.003489017486572
2023-09-25,0.0
2023-09-26,7.249114990234375
2023-09-27,7.249114990234375
2023-09-28,14.49822998046875
2023-09-29,7.249114990234375
2023-09-30,0.0
2023-10-01,0.0
2023-10-02,0.0
2023-10-03,13.44094467163086
2023-10-04,0.0
2023-10-05,0.0
2023-10-06,0.0
2023-10-07,0.0
2023-10-08,0.0
2023-10-09,0.0
2023-10-10,4.9623308181762695
2023-10-11,0.0
2023-10-12,0.0
2023-10-13,0.0
2023-10-14,0.0
2023-10-15,0.0
2023-10-16,0.0
2023-10-17,0.0
2023-10-18,0.0
2023-10-19,0.0
2023-10-20,0.0
2023-10-21,0.0
2023-10-22,0.0
2023-10-23,0.0
2023-10-24,0.0
2023-10-25,0.0
2023-10-26,0.0
2023-10-27,0.0
2023-10-28,0.0
2023-10-29,0.0
2023-10-30,0.0
2023-10-31,0.0
2023-11-01,0.0
2023-11-02,0.0
2023-11-03,0.0
2023-11-04,8.15572738647461
2023-11-05,0.0
2023-11-06,0.0
2023-11-07,18.98236846923828
2023-11-08,0.0
2023-11-09,0.0
2023-11-10,0.0
2023-11-11,0.0
2023-11-12,0.0
2023-11-13,0.0
2023-11-14,0.0
2023-11-15,0.0
2023-11-16,0.0
2023-11-17,0.0
2023-11-18,0.0
2023-11-19,0.0
2023-11-20,0.0
2023-11-21,0.0
2023-11-22,0.0
2023-11-23,0.0
2023-11-24,0.0
2023-11-25,0.0
2023-11-26,0.0
2023-11-27,0.0
2023-11-28,0.0
2023-11-29,0.0
2023-11-30,0.0
2023-12-01,0.0
2023-12-02,0.0
2023-12-03,6.240442276000977
2023-12-04,7.800552845001221
2023-12-05,6.240442276000977
2023-12-06,0.0
2023-12-07,0.0
2023-12-08,0.0
2023-12-09,0.0
2023-12-10,0.0
2023-12-11,0.0
2023-12-12,0.0
2023-12-13,0.0
2023-12-14,0.0
2023-12-15,0.0
2023-12-16,0.0
2023-12-17,0.0
2023-12-18,0.0
2023-12-19,0.0
2023-12-20,0.0
2023-12-21,0.0
2023-12-22,0.0
2023-12-23,0.0
2023-12-24,0.0
2023-12-25,0.0
2023-12-26,0.0
2023-12-27,0.0
2023-12-28,0.0
2023-12-29,0.0
2023-12-30,0.0
2023-12-31,0.0
2024-01-01,0.0
2024-01-02,0.0
2024-01-03,0.0
2024-01-04,0.0
2024-01-05,0.0
2024-01-06,0.0
2024-01-07,0.0
2024-01-08,0.0
2024-01-09,0.0
2024-01-10,0.0
2024-01-11,0.0
2024-01-12,0.0
2024-01-13,0.0
2024-01-14,0.0
2024-01-15,0.0
2024-01-16,0.0
2024-01-17,0.0
2024-01-18,0.0
2024-01-19,0.0
2024-01-20,0.0
2024-01-21,0.0
2024-01-22,0.0
2024-01-23,0.0
2024-01-24,0.0
2024-01-25,0.0
2024-01-26,0.0
2024-01-27,0.0
2024-01-28,0.0
2024-01-29,0.0
2024-01-30,0.0
2024-01-31,0.0
2024-02-01,0.0
2024-02-02,0.0
2024-02-03,0.0
2024-02-04,0.0
2024-02-05,0.0
2024-02-06,0.0
2024-02-07,0.0
2024-02-08,0.0
2024-02-09,0.0
2024-02-10,0.0
2024-02-11,3.35007643699646
2024-02-12,0.0
2024-02-13,0.0
2024-02-14,0.0
2024-02-15,0.0
2024-02-16,0.0
2024-02-17,0.0
2024-02-18,0.0
2024-02-19,0.0
2024-02-20,0.0
2024-02-21,0.0
2024-02-22,0.0
2024-02-23,0.0
2024-02-24,2.1524171829223633
2024-02-25,0.0
2024-02-26,0.0
2024-02-27,0.0
2024-02-28,0.0
2024-02-29,0.0
2024-03-01,0.0
2024-03-02,0.0
2024-03-03,0.0
2024-03-04,0.0
2024-03-05,0.0
2024-03-06,0.0
2024-03-07,0.0
2024-03-08,0.0
2024-03-09,0.0
2024-03-10,0.0
2024-03-11,0.0
2024-03-12,0.0
2024-03-13,0.0
2024-03-14,0.0
2024-03-15,0.0
2024-03-16,0.0
2024-03-17,0.0
2024-03-18,0.0
2024-03-19,0.0
2024-03-20,3.3490350246429443
2024-03-21,0.0
2024-03-22,0.0
2024-03-23,0.0
2024-03-24,0.0
2024-03-25,0.0
2024-03-26,0.0
2024-03-27,0.0
2024-03-28,3.699552059173584
2024-03-29,0.0
2024-03-30,0.0
2024-03-31,0.0
2024-04-01,0.0
2024-04-02,0.0
2024-04-03,0.0
2024-04-04,0.0
2024-04-05,0.0
2024-04-06,0.0
2024-04-07,0.0
2024-04-08,0.0
2024-04-09,0.0
2024-04-10,0.0
2024-04-11,0.0
2024-04-12,0.709996223449707
2024-04-13,8.64533576532267e-05
2024-04-14,0.0
2024-04-15,2.0255483832443133e-06
2024-04-16,0.0
2024-04-17,0.0
2024-04-18,0.0
2024-04-19,0.0
2024-04-20,0.0
2024-04-21,4.805945873260498
2024-04-22,0.0
2024-04-23,0.0
2024-04-24,0.0
2024-04-25,0.0
2024-04-26,0.0
2024-04-27,0.0
2024-04-28,0.0
2024-04-29,0.0
2024-04-30,0.0
2024-05-01,0.0
2024-05-02,0.0
2024-05-03,0.0
2024-05-04,4.215701103210449
2024-05-05,8.431402206420898
2024-05-06,0.0
2024-05-07,15.389596939086914
2024-05-08,0.0
2024-05-09,0.0
2024-05-10,15.389596939086914
2024-05-11,0.0
2024-05-12,0.0
2024-05-13,0.0
2024-05-14,8.142119407653809
2024-05-15,0.0
2024-05-16,19.893342971801758
2024-05-17,10.621097564697266
2024-05-18,7.383057117462158
2024-05-19,6.145773410797119
2024-05-20,3.4099984169006348
2024-05-21,4.886531829833984
2024-05-22,0.0
2024-05-23,4.886531829833984
2024-05-24,9.773063659667969
2024-05-25,14.659595489501953
2024-05-26,0.0
2024-05-27,0.0
2024-05-28,0.0
2024-05-29,0.0
2024-05-30,0.0
2024-05-31,0.0
2024-06-01,7.722772121429443
2024-06-02,11.584158897399902
2024-06-03,3.8613860607147217
2024-06-04,0.0
2024-06-05,11.584158897399902
2024-06-06,0.0
2024-06-07,6.476705074310303
2024-06-08,6.476705074310303
2024-06-09,0.0
2024-06-10,0.0
2024-06-11,0.6144648194313049
2024-06-12,3.424342632293701
2024-06-13,3.0543558597564697
2024-06-14,1.9444596767425537
2024-06-15,3.857724666595459
2024-06-16,3.781784772872925
2024-06-17,0.0
2024-06-18,3.781784772872925
2024-06-19,7.56356954574585
2024-06-20,0.0
2024-06-21,12.80260944366455
2024-06-22,4.267536640167236
2024-06-23,8.535073280334473
2024-06-24,4.267536640167236
2024-06-25,4.267536640167236
2024-06-26,23.89389991760254
2024-06-27,11.94694995880127
2024-06-28,5.973474979400635
2024-06-29,23.89389991760254
2024-06-30,29.867374420166016
2024-07-01,0.0
2024-07-02,10.767900466918945
2024-07-03,0.0
2024-07-04,10.767900466918945
2024-07-05,10.767900466918945
2024-07-06,0.0
2024-07-07,0.0
2024-07-08,13.376144409179688
2024-07-09,13.376144409179688
2024-07-10,0.0
2024-07-11,0.0
2024-07-12,20.374534606933594
2024-07-13,27.166048049926758
2024-07-14,6.7915120124816895
2024-07-15,0.0
2024-07-16,5.293328762054443
2024-07-17,0.0
2024-07-18,26.466644287109375
2024-07-19,31.759973526000977
2024-07-20,21.173315048217773
2024-07-21,16.7287540435791
2024-07-22,5.57625150680542
2024-07-23,11.15250301361084
2024-07-24,11.15250301361084
2024-07-25,0.0
2024-07-26,9.398061752319336
2024-07-27,0.0
2024-07-28,0.0
2024-07-29,18.796123504638672
2024-07-30,9.398061752319336
2024-07-31,9.398061752319336
2024-08-01,23.19208526611328
2024-08-02,23.19208526611328
2024-08-03,11.59604263305664
2024-08-04,0.0
2024-08-05,5.79802131652832
2024-08-06,42.636844635009766
2024-08-07,34.10947799682617
2024-08-08,25.58210563659668
2024-08-09,0.0
2024-08-10,0.0
2024-08-11,0.0
2024-08-12,0.0
2024-08-13,0.0
2024-08-14,0.0
2024-08-15,0.0
2024-08-16,9.09716796875
2024-08-17,0.0
2024-08-18,9.09716796875
2024-08-19,18.1943359375
2024-08-20,0.0
2024-08-21,5.762302875518799
2024-08-22,10.154590606689453
2024-08-23,8.27454948425293
2024-08-24,11.095004081726074
2024-08-25,1.9462780952453613
2024-08-26,2.654254913330078
2024-08-27,2.4087510108947754
2024-08-28,3.210995674133301
2024-08-29,42.502376556396484
2024-08-30,28.576534271240234
2024-08-31,40.63132095336914
2024-09-01,23.538715362548828
2024-09-02,0.0
2024-09-03,0.0
2024-09-04,47.077430725097656
2024-09-05,23.538715362548828
2024-09-06,3.594844341278076
2024-09-07,14.379377365112305
2024-09-08,28.75875473022461
2024-09-09,14.379377365112305
2024-09-10,0.0
2024-09-11,0.01741805672645569
2024-09-12,1.5802966356277466
2024-09-13,0.7252416014671326
2024-09-14,0.7232644557952881
2024-09-15,0.02562990039587021
2024-09-16,0.0
2024-09-17,0.0
2024-09-18,0.0
2024-09-19,5.889954566955566
2024-09-20,5.889954566955566
2024-09-21,0.0
2024-09-22,0.0
2024-09-23,0.0
2024-09-24,31.002408981323242
2024-09-25,10.334136009216309
2024-09-26,10.651362419128418
2024-09-27,21.302724838256836
2024-09-28,0.0
2024-09-29,0.0
2024-09-30,0.0
2024-10-01,4.695396423339844
2024-10-02,8.580411911010742
2024-10-03,0.9141935706138611
2024-10-04,0.6576086282730103
2024-10-05,1.7288507223129272
2024-10-06,4.294765472412109
2024-10-07,0.0
2024-10-08,0.0
2024-10-09,4.294765472412109
2024-10-10,8.589530944824219
2024-10-11,0.0
2024-10-12,0.0
2024-10-13,0.0
2024-10-14,18.13900375366211
2024-10-15,6.046334743499756
2024-10-16,0.0
2024-10-17,0.0
2024-10-18,8.501138687133789
2024-10-19,8.501138687133789
2024-10-20,0.0
2024-10-21,0.0
2024-10-22,0.0
2024-10-23,0.0
2024-10-24,0.0
2024-10-25,0.0
2024-10-26,0.0
2024-10-27,0.0
2024-10-28,0.0
2024-10-29,0.0
2024-10-30,0.0
2024-10-31,0.0
2024-11-01,0.0
2024-11-02,0.0
2024-11-03,0.0
2024-11-04,0.0
2024-11-05,0.0
2024-11-06,0.0
2024-11-07,0.0
2024-11-08,0.0
2024-11-09,0.0
2024-11-10,0.0
2024-11-11,0.0
2024-11-12,4.748405456542969
2024-11-13,0.0
2024-11-14,0.0
2024-11-15,0.0
2024-11-16,0.0
2024-11-17,0.0
2024-11-18,0.0
2024-11-19,0.0
2024-11-20,0.0
2024-11-21,0.0
2024-11-22,0.0
2024-11-23,0.0
2024-11-24,0.0
2024-11-25,0.0
2024-11-26,0.0
2024-11-27,1.799668550491333
2024-11-28,0.0
2024-11-29,1.799668550491333
2024-11-30,3.599337100982666
2024-12-01,0.0
2024-12-02,0.0
2024-12-03,0.0
2024-12-04,0.0
2024-12-05,0.0
2024-12-06,0.0
2024-12-07,2.2965924739837646
2024-12-08,0.0
2024-12-09,0.0
2024-12-10,0.0
2024-12-11,0.0
2024-12-12,0.0
2024-12-13,0.0
2024-12-14,0.0
2024-12-15,0.0
2024-12-16,0.0
2024-12-17,0.0
2024-12-18,0.0
2024-12-19,0.0
2024-12-20,0.0
2024-12-21,0.0
2024-12-22,0.0
2024-12-23,0.0
2024-12-24,0.0
2024-12-25,0.0
2024-12-26,3.1266262531280518
2024-12-27,0.0
2024-12-28,0.0
2024-12-29,0.0
2024-12-30,0.0
